Workbook

Sheet db
A1: students
A2: id | B2: nis | C2: nisn | D2: name
A4: levels
A5: id | B5: level_name
A7: classes
A8: id | B8: level_id | C8: class_name
A10: history_student
A11: id | B11: student_id | C11: class_id | D11: tahun_pelajaran | E11: semester | F11: class_advisor_id | G11: status | H11: is_lulus | I11: is_naik
A13: subjects
A14: id | B14: subject_name
A16: assessment
A17: id | B17: history_id | C17: subject_id | D17: numeric_grade | E17: letter_grade | F17: grade_type | G17: class_advisor_note | H17: competency_achievement | I17: absence_id
A19: absence
A20: id | B20: history_id | C20: sakit | D20: izin | E20: alpa
A22: teachers
A23: id | B23: teacher_name | C23: teacher_title

Sheet API & Feature
A1: DB | B1: post | C1: get all | D1: get by id | E1: put | F1: patch | G1: delete
A2: =db!A1 -> students | B2: nis:123, nisn:1233, name:""
A3: =db!A4 -> levels | B3: level_name: "X"
A4: =db!A7 -> classes | B4: level_id: 1, class_name: "TP"
A5: =db!A10 -> history_student | B5: student_id: 1, tahun_pelajaran:"2025/2026", class_id: 1, semester: 5, wali_kelas_id: 1
A6: =db!A13 -> subjects | B6: subject_name: "Matematika"
A7: =db!A16 -> assessment | B7: history_student_id: 1, subject_id: 1, grade: 80
A8: =db!A19 -> absence | B8: history_student_id: 1, sakit: 20, izin: 2, alpa: 3
A9: =db!A22 -> teachers | B9: teacher_name: "Ken",
A10: =db!A25 -> 0
A15: Feature | B15: post | C15: get all | D15: get by id | E15: put | F15: patch | G15: delete | H15: status
A16: =A1 -> DB
A17: =A2 -> students
A18: =A3 -> levels
A19: =A4 -> classes
A20: =A5 -> history_student
A21: =A6 -> subjects
A22: =A7 -> assessment
A23: =A8 -> absence
A24: =A9 -> teachers
A26: Feature | B26: details | C26: db | D26: status
A27: deteksi nilai < 70 | B27: cari nilai yang belum tuntas. Yang < 70 | C27: assessment
A28: gabung semua data di rapor | B28: ambil data di db dan ditampilkan pada rapor
A29: [frontend] upload data nilai | B29: buat page frontend
A30: [frontend] upload data siswa | B30: buat page frontend
A31: [frontend] upload data guru | B31: buat page frontend
A32: [frontend] tampilkan semua data nilai | B32: tampilkan semua data nilai dan tandai nilai yang belum tuntas
A33: [backend] join table assessment | C33: assessment, history_student teacher
A34: [frontend] filter tidak tuntas | B34: tampilkan yang tidak tuntas saja
A35: [backend] buat seeds file
A36: [backend] get by hiwtory student
A37: [db] FK diberi notNullable() ?

Sheet 1
A1: level_name | B1: id
A2: X | B2: 1
A3: XI | B3: 2
A4: XII | B4: 3

Sheet 6
A1: id | B1: level_id | C1: class_name | F1: no | G1: tingkat | H1: kelas
A2: 1 | B2: 3 | C2: TKJ 1 | D2: 1 | F2: 1 | G2: XII | H2: TKJ 1 | I2: =_xlfn.CONCAT(G2," ",H2) -> XII TKJ 1 | J2: 1
A3: 2 | B3: 3 | C3: TOI 1 | D3: 2 | F3: 2 | G3: XII | H3: TOI 1 | I3: =_xlfn.CONCAT(G3," ",H3) -> XII TOI 1 | J3: 2
A4: 3 | B4: 3 | C4: TOI 2 | D4: 3 | F4: 3 | G4: XII | H4: TOI 2 | I4: =_xlfn.CONCAT(G4," ",H4) -> XII TOI 2 | J4: 3
A5: 4 | B5: 3 | C5: TP 1 | D5: 4 | F5: 4 | G5: XII | H5: TP 1 | I5: =_xlfn.CONCAT(G5," ",H5) -> XII TP 1 | J5: 4
A6: 5 | B6: 3 | C6: TP 2 | D6: 5 | F6: 5 | G6: XII | H6: TP 2 | I6: =_xlfn.CONCAT(G6," ",H6) -> XII TP 2 | J6: 5
A7: 6 | B7: 3 | C7: TP 3 | D7: 6 | F7: 6 | G7: XII | H7: TP 3 | I7: =_xlfn.CONCAT(G7," ",H7) -> XII TP 3 | J7: 6
A8: 7 | B8: 3 | C8: TP 4 | D8: 7 | F8: 7 | G8: XII | H8: TP 4 | I8: =_xlfn.CONCAT(G8," ",H8) -> XII TP 4 | J8: 7
A9: 8 | B9: 3 | C9: TSM 1 | D9: 8 | F9: 8 | G9: XII | H9: TSM 1 | I9: =_xlfn.CONCAT(G9," ",H9) -> XII TSM 1 | J9: 8
A10: 9 | B10: 3 | C10: TSM 2 | D10: 9 | F10: 9 | G10: XII | H10: TSM 2 | I10: =_xlfn.CONCAT(G10," ",H10) -> XII TSM 2 | J10: 9
A11: 10 | B11: =VLOOKUP(G11,'1'!$A$2:$B$4,2,FALSE) -> 1 | C11: =H11 -> TJKT 1 | F11: 10 | G11: X | H11: TJKT 1 | I11: =_xlfn.CONCAT(G11," ",H11) -> X TJKT 1 | J11: 10
A12: 11 | B12: =VLOOKUP(G12,'1'!$A$2:$B$4,2,FALSE) -> 1 | C12: =H12 -> TJKT 2 | F12: 11 | G12: X | H12: TJKT 2 | I12: =_xlfn.CONCAT(G12," ",H12) -> X TJKT 2 | J12: 11
A13: 12 | B13: =VLOOKUP(G13,'1'!$A$2:$B$4,2,FALSE) -> 1 | C13: =H13 -> TOI 1 | F13: 12 | G13: X | H13: TOI 1 | I13: =_xlfn.CONCAT(G13," ",H13) -> X TOI 1 | J13: 12
A14: 13 | B14: =VLOOKUP(G14,'1'!$A$2:$B$4,2,FALSE) -> 1 | C14: =H14 -> TOI 2 | F14: 13 | G14: X | H14: TOI 2 | I14: =_xlfn.CONCAT(G14," ",H14) -> X TOI 2 | J14: 13
A15: 14 | B15: =VLOOKUP(G15,'1'!$A$2:$B$4,2,FALSE) -> 1 | C15: =H15 -> TOI 3 | F15: 14 | G15: X | H15: TOI 3 | I15: =_xlfn.CONCAT(G15," ",H15) -> X TOI 3 | J15: 14
A16: 15 | B16: =VLOOKUP(G16,'1'!$A$2:$B$4,2,FALSE) -> 1 | C16: =H16 -> TP 1 | F16: 15 | G16: X | H16: TP 1 | I16: =_xlfn.CONCAT(G16," ",H16) -> X TP 1 | J16: 15
A17: 16 | B17: =VLOOKUP(G17,'1'!$A$2:$B$4,2,FALSE) -> 1 | C17: =H17 -> TP 2 | F17: 16 | G17: X | H17: TP 2 | I17: =_xlfn.CONCAT(G17," ",H17) -> X TP 2 | J17: 16
A18: 17 | B18: =VLOOKUP(G18,'1'!$A$2:$B$4,2,FALSE) -> 1 | C18: =H18 -> TP 3 | F18: 17 | G18: X | H18: TP 3 | I18: =_xlfn.CONCAT(G18," ",H18) -> X TP 3 | J18: 17
A19: 18 | B19: =VLOOKUP(G19,'1'!$A$2:$B$4,2,FALSE) -> 1 | C19: =H19 -> TP 4 | F19: 18 | G19: X | H19: TP 4 | I19: =_xlfn.CONCAT(G19," ",H19) -> X TP 4 | J19: 18
A20: 19 | B20: =VLOOKUP(G20,'1'!$A$2:$B$4,2,FALSE) -> 1 | C20: =H20 -> TP 5 | F20: 19 | G20: X | H20: TP 5 | I20: =_xlfn.CONCAT(G20," ",H20) -> X TP 5 | J20: 19
A21: 20 | B21: =VLOOKUP(G21,'1'!$A$2:$B$4,2,FALSE) -> 1 | C21: =H21 -> TSM 1 | F21: 20 | G21: X | H21: TSM 1 | I21: =_xlfn.CONCAT(G21," ",H21) -> X TSM 1 | J21: 20
A22: 21 | B22: =VLOOKUP(G22,'1'!$A$2:$B$4,2,FALSE) -> 1 | C22: =H22 -> TSM 2 | F22: 21 | G22: X | H22: TSM 2 | I22: =_xlfn.CONCAT(G22," ",H22) -> X TSM 2 | J22: 21
... A33: 32 | B33: =VLOOKUP(G33,'1'!$A$2:$B$4,2,FALSE) -> 2 | C33: =H33 -> TSM 2 | F33: 32 | G33: XI | H33: TSM 2 | I33: =_xlfn.CONCAT(G33," ",H33) -> XI TSM 2 | J33: 32

Sheet 2
A1: id | B1: subject_name | D1: subject_type | F1: kelas 12 | G1: umum | H1: 1 | I1: 2 | J1: 3 | K1: 4 | L1: 12 | M1: 26 | N1: 5 | O1: 6 | U1: gabung | X1: 1,2,3,4,12,26,5,6
A2: 1 | B2: Pendidikan Agama Islam dan Budi Pekerti | C2: =A2 -> 1 | D2: umum | G2: tkj | H2: 13 | I2: 14 | J2: 15 | K2: 18 | L2: 20 | X2: 13,14,15,18,20
A3: 2 | B3: Pendidikan Agama Hindu dan Budi Pekerti | C3: =A3 -> 2 | D3: umum | G3: tp | H3: 13 | I3: 14 | J3: 15 | K3: 16 | L3: 22 | X3: 13,14,15,16,22
A4: 3 | B4: Pendidikan Agama Kristen dan Budi Pekerti | C4: =A4 -> 3 | D4: umum | G4: tsm | H4: 13 | I4: 14 | J4: 15 | K4: 19 | L4: 23 | X4: 13,14,15,19,23
A5: 4 | B5: Pendidikan Pancasila | C5: =A5 -> 4 | D5: umum | G5: toi | H5: 13 | I5: 14 | J5: 15 | K5: 17 | L5: 21 | X5: 13,14,15,17,21
A6: 5 | B6: Sejarah | C6: =A6 -> 5 | D6: umum
A7: 6 | B7: Seni Budaya | C7: =A7 -> 6 | D7: umum | F7: kelas 10 | G7: UMUM | H7: 1 | I7: 2 | J7: 3 | K7: 33 | L7: 4 | M7: 12 | N7: 26 | O7: 5 | P7: 6 | Q7: 27 | T7: =_xlfn.CONCAT(G7,":[") -> UMUM:[ | U7: =_xlfn.TEXTJOIN(",",TRUE,H7:Q7) -> 1,2,3,33,4,12,26,5,6,27
A8: 7 | B8: Dasar-dasar Teknik Pemesinan | C8: =A8 -> 7 | D8: kejuruan | G8: TKJ | H8: 13 | I8: 14 | J8: 28 | K8: 29 | L8: 9 | T8: =_xlfn.CONCAT(G8,":[") -> TKJ:[ | U8: =_xlfn.TEXTJOIN(",",TRUE,H8:P8) -> 13,14,28,29,9 | X8: Karena semester 6 pada jenjang SMK umumnya berfokus pada pemantapan, ujian sekolah, kelulusan, atau kelanjutan dari Praktik Kerja Lapangan (PKL), capaian kompetensi di bawah ini disusun menggunakan kata kerja operasional yang menggambarkan pencapaian optimal maupun area yang perlu bimbingan.
A9: 8 | B9: Dasar-dasar Teknik Otomasi Industri | C9: =A9 -> 8 | D9: kejuruan | G9: TP | H9: 13 | I9: 14 | J9: 28 | K9: 29 | L9: 7 | T9: =_xlfn.CONCAT(G9,":[") -> TP:[ | U9: =_xlfn.TEXTJOIN(",",TRUE,H9:P9) -> 13,14,28,29,7
A10: 9 | B10: Dasar-dasar Teknik Komputer dan Jaringan | C10: =A10 -> 9 | D10: kejuruan | G10: TSM | H10: 13 | I10: 14 | J10: 28 | K10: 29 | L10: 10 | T10: =_xlfn.CONCAT(G10,":[") -> TSM:[ | U10: =_xlfn.TEXTJOIN(",",TRUE,H10:P10) -> 13,14,28,29,10 | X10: 1. Pendidikan Agama Islam dan Budi Pekerti
A11: 10 | B11: Dasar-dasar Teknik Sepeda Motor | C11: =A11 -> 10 | D11: kejuruan | G11: TOI | H11: 13 | I11: 14 | J11: 28 | K11: 29 | L11: 8 | T11: =_xlfn.CONCAT(G11,":[") -> TOI:[ | U11: =_xlfn.TEXTJOIN(",",TRUE,H11:P11) -> 13,14,28,29,8 | X11: Menunjukkan penguasaan yang sangat baik dalam: menganalisis dan mengevaluasi ketentuan pernikahan dalam Islam, ketentuan waris (faraidh), serta konsisten dalam menyebarkan dakwah Islam secara damai dan menunjukkan perilaku mulia (budi pekerti) dalam kehidupan sehari-hari.
A12: 11 | B12: Muatan Lokal Bahasa Daerah | C12: =A12 -> 11 | D12: mulok | G12: mulok | H12: 11 | T12: =_xlfn.CONCAT(G12,"=[") -> mulok=[
A13: 12 | B13: Bahasa Indonesia | C13: =A13 -> 12 | D13: umum | X13: Perlu bimbingan dalam: memahami lebih mendalam mengenai perhitungan pembagian harta waris secara tepat sesuai dengan syariat Islam.
A14: 13 | B14: Matematika (Umum) | C14: =A14 -> 13 | D14: kejuruan | F14: kelas 11 | G14: UMUM | H14: 1 | I14: 2 | J14: 3 | K14: 33 | L14: 4 | M14: 12 | N14: 26 | O14: 5 | T14: =_xlfn.CONCAT(G14,":[") -> UMUM:[ | U14: =_xlfn.TEXTJOIN(",",TRUE,H14:P14) -> 1,2,3,33,4,12,26,5
A15: 14 | B15: Bahasa Inggris | C15: =A15 -> 14 | D15: kejuruan | G15: TKJ | H15: 13 | I15: 14 | J15: 18 | K15: 30 | L15: 20 | T15: =_xlfn.CONCAT(G15,":[") -> TKJ:[ | U15: =_xlfn.TEXTJOIN(",",TRUE,H15:P15) -> 13,14,18,30,20 | X15: 2. Pendidikan Pancasila
A16: 15 | B16: Produk Kreatif dan Kewirausahaan | C16: =A16 -> 15 | D16: kejuruan | G16: TP | H16: 13 | I16: 14 | J16: 16 | K16: 30 | L16: 31 | T16: =_xlfn.CONCAT(G16,":[") -> TP:[ | U16: =_xlfn.TEXTJOIN(",",TRUE,H16:P16) -> 13,14,16,30,31 | X16: Menunjukkan penguasaan yang sangat baik dalam: menganalisis peluang dan tantangan penerapan Pancasila dalam kehidupan global, serta menunjukkan komitmen aktif dalam merawat kebinikaan, kesadaran hukum, dan bela negara sebagai warga negara yang baik.
A17: 16 | B17: Konsentrasi Keahlian Teknik Pemesinan | C17: =A17 -> 16 | D17: kejuruan | G17: TSM | H17: 13 | I17: 14 | J17: 19 | K17: 30 | L17: 23 | T17: =_xlfn.CONCAT(G17,":[") -> TSM:[ | U17: =_xlfn.TEXTJOIN(",",TRUE,H17:P17) -> 13,14,19,30,23
A18: 17 | B18: Konsentrasi Keahlian Teknik Otomasi Industri | C18: =A18 -> 17 | D18: kejuruan | G18: TOI | H18: 13 | I18: 14 | J18: 17 | K18: 30 | L18: 32 | T18: =_xlfn.CONCAT(G18,":[") -> TOI:[ | U18: =_xlfn.TEXTJOIN(",",TRUE,H18:P18) -> 13,14,17,30,32 | X18: Perlu bimbingan dalam: mengidentifikasi strategi solutif dalam mengatasi pelanggaran hak dan pengingkaran kewajiban warga negara di lingkungan sekitar.
A19: 18 | B19: Konsentrasi Keahlian Teknik Komputer dan Jaringan | C19: =A19 -> 18 | D19: kejuruan | G19: mulok | H19: 11
A20: 19 | B20: Konsentrasi Keahlian Teknik Sepeda Motor | C20: =A20 -> 19 | D20: kejuruan | X20: 3. Bahasa Indonesia
A21: 20 | B21: Sistem Perancangan IoT | C21: =A21 -> 20 | D21: kejuruan | X21: Menunjukkan penguasaan yang sangat baik dalam: menyusun, mengevaluasi, dan menyajikan dokumen lamaran pekerjaan, kritik, esai, serta artikel ilmiah populer dengan menggunakan struktur dan kebahasaan yang baik, benar, dan persuasif.
A22: 21 | B22: Gambar MEP | C22: =A22 -> 21 | D22: kejuruan
A23: 22 | B23: Pemrograman CNC | C23: =A23 -> 22 | D23: kejuruan | X23: Perlu bimbingan dalam: menyunting variasi kosakata formal dan struktur kalimat efektif saat menyusun esai atau artikel formal.
A24: 23 | B24: Gambar Teknik Manufaktur | C24: =A24 -> 23 | D24: kejuruan
A25: 24 | B25: Kursus Bahasa Asing | C25: =A25 -> 24 | D25: ekstra | X25: 4. Matematika (Umum)
A26: 25 | B26: Pramuka | C26: =A26 -> 25 | D26: ekstra | X26: Menunjukkan penguasaan yang sangat baik dalam: menganalisis, menginterpretasi, dan menyajikan data statistika (ukuran pemusatan dan penyebaran data) serta menentukan peluang suatu kejadian untuk memecahkan masalah kontekstual.
A27: 26 | B27: Pendidikan Jasmani, Olahraga, dan Kesehatan | C27: =A27 -> 26 | D27: umum
A28: 27 | B28: Koding dan Kecerdasan Artifisial | C28: =A28 -> 27 | D28: umum | X28: Perlu bimbingan dalam: menghitung nilai simpangan baku dan varians pada data kelompok secara akurat.
A29: 28 | B29: Informatika | C29: =A29 -> 28 | D29: kejuruan
A30: 29 | B30: Projek IPAS | C30: =A30 -> 29 | D30: kejuruan | X30: 5. Bahasa Inggris
A31: 30 | B31: Projek Kreatif dan Kewirausahaan | C31: =A31 -> 30 | D31: kejuruan | F31: Dasar Kejuruan 1 | G31: kejuruan | X31: Menunjukkan penguasaan yang sangat baik dalam: memahami, menganalisis, dan menyusun teks fungsional lisan dan tulis berbentuk report text, surat lamaran kerja (application letter), serta simulasi wawancara kerja (job interview) dengan lancar dan percaya diri.
A32: 31 | B32: Gambar Teknik Mesin | C32: =A32 -> 31 | D32: kejuruan | F32: Dasar Kejuruan 2 | G32: kejuruan
A33: 32 | B33: Pemrograman Sistem Robot Manipulator | C33: =A33 -> 32 | D33: kejuruan | F33: Dasar Kejuruan 3 | G33: kejuruan | X33: Perlu bimbingan dalam: merespons pertanyaan spontan menggunakan struktur kebahasaan (grammar) yang tepat saat simulasi wawancara kerja.
A34: 33 | B34: Pendidikan Agama Katholik dan Budi Pekerti | C34: =A34 -> 33 | D34: umum | F34: Dasar Kejuruan 4 | G34: kejuruan
A35: 34 | C35: =A35 -> 34 | F35: Konsentrasi Keahlian 1 | G35: kejuruan | X35: 6. Projek Kreatif dan Kewirausahaan (PKK)
A36: 35 | C36: =A36 -> 35 | F36: Konsentrasi Keahlian 2 | G36: kejuruan | X36: Menunjukkan penguasaan yang sangat baik dalam: menyusun laporan keuangan sederhana, mengevaluasi keberhasilan usaha, membuat strategi pemasaran digital (digital marketing), serta merencanakan keberlanjutan bisnis/wirausaha mandiri secara kreatif.
A37: 36 | C37: =A37 -> 36 | F37: Konsentrasi Keahlian 3 | G37: kejuruan
A38: 37 | C38: =A38 -> 37 | F38: Konsentrasi Keahlian 4 | G38: kejuruan | X38: Perlu bimbingan dalam: menghitung rasio profitabilitas dan titik impas (Break-Even Point) secara lebih teliti untuk evaluasi usaha.
A39: 38 | C39: =A39 -> 38 | F39: Konsentrasi Keahlian 5 | G39: kejuruan
X40: 8. Muatan Lokal Bahasa Daerah
X41: Menunjukkan penguasaan yang sangat baik dalam: memahami dan menerapkan unggah-ungguh (tata krama) bahasa daerah dalam berkomunikasi, serta mengapresiasi dan mempraktikkan seni pertunjukan atau sastra daerah secara laras dan leres.
X43: Perlu bimbingan dalam: menggunakan ragam bahasa halus (krama inggil/alus) secara konsisten saat berdialog formal dengan orang yang lebih tua.
X45: 9 Pendidikan Agama Kristen dan Budi Pekerti
X46: Menunjukkan penguasaan yang sangat baik dalam: menganalisis peran remaja Kristen dalam mewujudkan perdamaian, keadilan, dan kesetaraan di tengah masyarakat majemuk, serta mengevaluasi gaya hidup modern yang sesuai dengan nilai-nilai Kristiani sebagai wujud kedewasaan iman.
X48: Perlu bimbingan dalam: mengidentifikasi strategi konkret untuk merespons tantangan moral dan etika modernitas berdasarkan kesaksian Alkitab secara kontekstual.
X50: 10. Pendidikan Agama Hindu dan Budi Pekerti
X51: Menunjukkan penguasaan yang sangat baik dalam: menganalisis dan menerapkan konsep Tri Hita Karana serta Tat Twam Asi dalam membangun harmoni sosial, memahami ajaran Moksa sebagai tujuan tertinggi, serta menunjukkan perilaku susila berlandaskan ajaran Dharma dalam kehidupan sehari-hari dan dunia kerja.
X53: Perlu bimbingan dalam: mendalami pemahaman tentang bagian-bagian Catur Purusartha sebagai pilar penyelarasan tujuan hidup sebelum memasuki dunia profesional.
X56: ########
X57: ########
X58: ########
... X103: Perlu bimbingan dalam: melakukan optimasi feeding dan struktur blok program pada pemakanan kontur melengkung (circular interpolation) untuk menghasilkan kualitas permukaan benda kerja yang halus.

Sheet 3
A1: id | B1: subject_id | C1: competency_achievement | D1: school_year | E1: semester | F1: id | H1: subject_id | I1: subject | J1: semester | K1: kelas | L1: achievement id | N1: id | O1: subject_id | P1: competency_achievement | Q1: school_year | R1: semester
A2: 1 | B2: 1 | C2: Menguasai hukum nikah dan waris Islam, konsisten berdakwah secara damai, serta selalu menerapkan budi pekerti mulia dalam kehidupan sehari-hari dengan sangat baik. | D2: 2025/2026 | E2: 6 | F2: =A2 -> 1 | H2: =B29 -> 1 | I2: =VLOOKUP(B29,'2'!$A$2:$B$39,2,FALSE) -> Pendidikan Agama Islam dan Budi Pekerti | J2: 2 | K2: X | L2: =A29 -> 28
A3: 2 | B3: 2 | C3: Menguasai konsep Tri Hita Karana & Tat Twam Asi untuk harmoni sosial, memahami ajaran Moksa sebagai tujuan tertinggi, serta konsisten menerapkan perilaku susila berlandaskan Dharma dalam kehidupan dan kerja. | D3: 2025/2026 | E3: 6 | F3: =A3 -> 2 | H3: =B30 -> 2 | I3: =VLOOKUP(B30,'2'!$A$2:$B$39,2,FALSE) -> Pendidikan Agama Hindu dan Budi Pekerti | J3: 2 | K3: X | L3: =A30 -> 29
A4: 3 | B4: 3 | C4: Menunjukkan penguasaan yang sangat baik dalam: menganalisis peran remaja Kristen dalam mewujudkan perdamaian, keadilan, dan kesetaraan di tengah masyarakat majemuk, serta mengevaluasi gaya hidup modern yang sesuai dengan nilai-nilai Kristiani sebagai wujud kedewasaan iman. | D4: 2025/2026 | E4: 6 | F4: =A4 -> 3 | H4: =B31 -> 3 | I4: =VLOOKUP(B31,'2'!$A$2:$B$39,2,FALSE) -> Pendidikan Agama Kristen dan Budi Pekerti | J4: 2 | K4: X | L4: =A31 -> 30
A5: 4 | B5: 4 | C5: Mampu menganalisis peluang serta tantangan Pancasila di era global, sekaligus menunjukkan komitmen nyata dalam merawat kebhinekaan, mematuhi hukum, dan membela negara sebagai warga negara yang bertanggung jawab. | D5: 2025/2026 | E5: 6 | F5: =A5 -> 4 | H5: =B32 -> 33 | I5: =VLOOKUP(B32,'2'!$A$2:$B$39,2,FALSE) -> Pendidikan Agama Katholik dan Budi Pekerti | J5: 2 | K5: X | L5: =A32 -> 31
A6: 5 | B6: 5 | D6: 2025/2026 | E6: 6 | F6: =A6 -> 5 | H6: =B33 -> 4 | I6: =VLOOKUP(B33,'2'!$A$2:$B$39,2,FALSE) -> Pendidikan Pancasila | J6: 2 | K6: X | L6: =A33 -> 32
A7: 6 | B7: 6 | D7: 2025/2026 | E7: 6 | F7: =A7 -> 6 | H7: =B34 -> 12 | I7: =VLOOKUP(B34,'2'!$A$2:$B$39,2,FALSE) -> Bahasa Indonesia | J7: 2 | K7: X | L7: =A34 -> 33
A8: 7 | B8: 7 | D8: 2025/2026 | E8: 6 | F8: =A8 -> 7 | H8: =B35 -> 26 | I8: =VLOOKUP(B35,'2'!$A$2:$B$39,2,FALSE) -> Pendidikan Jasmani, Olahraga, dan Kesehatan | J8: 2 | K8: X | L8: =A35 -> 34
A9: 8 | B9: 8 | D9: 2025/2026 | E9: 6 | F9: =A9 -> 8 | H9: =B36 -> 5 | I9: =VLOOKUP(B36,'2'!$A$2:$B$39,2,FALSE) -> Sejarah | J9: 2 | K9: X | L9: =A36 -> 35
A10: 9 | B10: 9 | D10: 2025/2026 | E10: 6 | F10: =A10 -> 9 | H10: =B37 -> 6 | I10: =VLOOKUP(B37,'2'!$A$2:$B$39,2,FALSE) -> Seni Budaya | J10: 2 | K10: X | L10: =A37 -> 36
A11: 10 | B11: 10 | D11: 2025/2026 | E11: 6 | F11: =A11 -> 10 | H11: =B38 -> 27 | I11: =VLOOKUP(B38,'2'!$A$2:$B$39,2,FALSE) -> Koding dan Kecerdasan Artifisial | J11: 2 | K11: X | L11: =A38 -> 37
A12: 11 | B12: 11 | C12: Mampu menerapkan tata krama bahasa daerah (unggah-ungguh) dalam berkomunikasi sehari-hari, serta mampu mengapresiasi dan mempraktikkan seni pertunjukan atau sastra daerah dengan laras dan leres. | D12: 2025/2026 | E12: 6 | F12: =A12 -> 11 | H12: =B39 -> 13 | I12: =VLOOKUP(B39,'2'!$A$2:$B$39,2,FALSE) -> Matematika (Umum) | J12: 2 | K12: X | L12: =A39 -> 38
A13: 12 | B13: 12 | C13: Mampu menyusun, mengevaluasi, dan menyajikan dokumen lamaran kerja, kritik, esai, serta artikel ilmiah populer dengan struktur dan kebahasaan yang baik, benar, dan persuasif. | D13: 2025/2026 | E13: 6 | F13: =A13 -> 12 | H13: =B40 -> 14 | I13: =VLOOKUP(B40,'2'!$A$2:$B$39,2,FALSE) -> Bahasa Inggris | J13: 2 | K13: X | L13: =A40 -> 39
A14: 13 | B14: 13 | C14: Mampu menganalisis, menginterpretasi, dan menyajikan data statistika (ukuran pemusatan dan penyebaran data) serta menghitung peluang suatu kejadian guna menyelesaikan permasalahan kontekstual. | D14: 2025/2026 | E14: 6 | F14: =A14 -> 13 | H14: =B41 -> 28 | I14: =VLOOKUP(B41,'2'!$A$2:$B$39,2,FALSE) -> Informatika | J14: 2 | K14: X | L14: =A41 -> 40
A15: 14 | B15: 14 | C15: Mampu memahami, menganalisis, dan menyusun teks fungsional (report text, surat lamaran kerja), serta melaksanakan simulasi wawancara kerja dengan lancar dan percaya diri. | D15: 2025/2026 | E15: 6 | F15: =A15 -> 14 | H15: =B42 -> 29 | I15: =VLOOKUP(B42,'2'!$A$2:$B$39,2,FALSE) -> Projek IPAS | J15: 2 | K15: X | L15: =A42 -> 41
A16: 15 | B16: 15 | C16: Mampu menyusun laporan keuangan sederhana, mengevaluasi kinerja usaha, menerapkan strategi pemasaran digital, serta merencanakan pengembangan wirausaha mandiri secara kreatif. | D16: 2025/2026 | E16: 6 | F16: =A16 -> 15 | H16: =B43 -> 9 | I16: =VLOOKUP(B43,'2'!$A$2:$B$39,2,FALSE) -> Dasar-dasar Teknik Komputer dan Jaringan | J16: 2 | K16: X | L16: =A43 -> 42
A17: 16 | B17: 16 | C17: Mampu merancang dan mengeksekusi proses bubut kompleks serta pengefraisan komponen presisi. Selain itu, terampil dalam memprogram dan mengoperasikan mesin CNC (bubut/frais) sesuai gambar kerja dan standar toleransi geometris yang ketat. | D17: 2025/2026 | E17: 6 | F17: =A17 -> 16 | H17: =B44 -> 7 | I17: =VLOOKUP(B44,'2'!$A$2:$B$39,2,FALSE) -> Dasar-dasar Teknik Pemesinan | J17: 2 | K17: X | L17: =A44 -> 43
A18: 17 | B18: 17 | C18: Mampu merancang, merakit, dan memprogram sistem kontrol otomasi industri berbasis PLC, SCADA, serta pneumatik/hidrolik. Selain itu, terampil dalam melakukan troubleshooting dan mengoperasikan sistem robotika industri sesuai dengan standar K3. | D18: 2025/2026 | E18: 6 | F18: =A18 -> 17 | H18: =B45 -> 10 | I18: =VLOOKUP(B45,'2'!$A$2:$B$39,2,FALSE) -> Dasar-dasar Teknik Sepeda Motor | J18: 2 | K18: X | L18: =A45 -> 44
A19: 18 | B19: 18 | C19: Anda memiliki keahlian dalam perancangan arsitektur jaringan skala besar, mulai dari pengaturan routing dinamis hingga optimasi bandwidth. Selain itu, Anda terampil dalam aspek keamanan jaringan nirkabel serta konfigurasi layanan server dan cloud, yang merupakan fondasi krusial dalam infrastruktur TI modern. | D19: 2025/2026 | E19: 6 | F19: =A19 -> 18 | H19: =B46 -> 8 | I19: =VLOOKUP(B46,'2'!$A$2:$B$39,2,FALSE) -> Dasar-dasar Teknik Otomasi Industri | J19: 2 | K19: X | L19: =A46 -> 45
A20: 19 | B20: 19 | C20: Ahli diagnosis & perbaikan mesin (overhaul), kalibrasi injeksi PGM-FI/FI, serta perbaikan kelistrikan bodi & sasis motor sesuai SOP. | D20: 2025/2026 | E20: 6 | F20: =A20 -> 19 | H20: =B47 -> 11 | I20: =VLOOKUP(B47,'2'!$A$2:$B$39,2,FALSE) -> Muatan Lokal Bahasa Daerah | J20: 2 | K20: X | L20: =A47 -> 46
A21: 20 | B21: 20 | C21: Mampu merancang arsitektur sistem IoT, mengintegrasikan sensor dan aktuator dengan mikrokontroler, membangun komunikasi data via protokol MQTT/HTTP, serta menampilkan data real-time di dashboard atau cloud platform. | D21: 2025/2026 | E21: 6 | F21: =A21 -> 20 | H21: =B48 -> 24 | I21: Kursus Bahasa Korea | J21: 2 | K21: X | L21: =A48 -> 47
A22: 21 | B22: 21 | C22: Mampu merancang diagram skematik dan layout mekanikal, instalasi listrik (PUIL), panel otomasi, serta sistem perpipaan menggunakan perangkat lunak CAD sesuai standar teknik internasional. | D22: 2025/2026 | E22: 6 | F22: =A22 -> 21 | H22: 24A | I22: Kursus Bahasa Jepang | J22: 2 | K22: X | L22: =A49 -> 48
A23: 22 | B23: 22 | C23: Mampu menganalisis gambar kerja manufaktur kompleks, menyusun urutan proses (process planning), menulis kode CNC (G-code/M-code) secara manual maupun berbasis CAM, serta melakukan simulasi pergerakan pahat dengan aman. | D23: 2025/2026 | E23: 6 | F23: =A23 -> 22 | H23: =B50 -> 25 | I23: =VLOOKUP(B50,'2'!$A$2:$B$39,2,FALSE) -> Pramuka | J23: 3 | K23: X | L23: =A50 -> 49
A24: 23 | B24: 23 | C24: Mampu membaca, menganalisis, dan membuat gambar teknik 2D maupun model 3D untuk sasis dan modifikasi motor, lengkap dengan penerapan anotasi, proyeksi, serta toleransi linier dan geometris secara presisi. | D24: 2025/2026 | E24: 6 | F24: =A24 -> 23
A25: 24 | B25: 24 | C25: Peserta didik dapat mengikuti kursus Bahasa Jepang dengan sangat baik | D25: 2025/2026 | E25: 6 | F25: =A25 -> 24
A26: 25 | B26: 24 | C26: Peserta Didik Mampu Mengikuti Kursus Bahasa Korea dengan Sangat Baik | D26: 2025/2026 | E26: 6 | F26: =A26 -> 25
A27: 26 | B27: 24 | C27: Peserta didik dapat mengikuti kursus Bahasa Jepang dengan baik | D27: 2025/2026 | E27: 6 | F27: =A27 -> 26 | H27: =B51 -> 1 | I27: =VLOOKUP(B51,'2'!$A$2:$B$39,2,FALSE) -> Pendidikan Agama Islam dan Budi Pekerti | J27: 4 | K27: XI | L27: =A51 -> 50
A28: 27 | B28: 24 | C28: Peserta Didik Mampu Mengikuti Kursus Bahasa Korea dengan Baik | D28: 2025/2026 | E28: 6 | F28: =A28 -> 27 | H28: =B52 -> 2 | I28: =VLOOKUP(B52,'2'!$A$2:$B$39,2,FALSE) -> Pendidikan Agama Hindu dan Budi Pekerti | J28: 4 | K28: XI | L28: =A52 -> 51
A29: 28 | B29: 1 | C29: Mampu menganalisis ayat Al-Qur'an tentang syu'abul iman dan menerapkannya dalam akhlak mulia sehari-hari. | D29: 2025/2026 | E29: 2 | F29: =A29 -> 28 | H29: =B53 -> 3 | I29: =VLOOKUP(B53,'2'!$A$2:$B$39,2,FALSE) -> Pendidikan Agama Kristen dan Budi Pekerti | J29: 4 | K29: XI | L29: =A53 -> 52
A30: 29 | B30: 2 | C30: Mampu menganalisis nilai yajna dalam kitab Ramayana serta kontribusi sejarah Hindu di Asia bagi kehidupan. | D30: 2025/2026 | E30: 2 | F30: =A30 -> 29 | H30: =B54 -> 33 | I30: =VLOOKUP(B54,'2'!$A$2:$B$39,2,FALSE) -> Pendidikan Agama Katholik dan Budi Pekerti | J30: 4 | K30: XI | L30: =A54 -> 53
A31: 30 | B31: 3 | C31: Mampu memahami hidup baru dalam Kristus dengan mengembangkan sikap adil dan bela rasa terhadap sesama. | D31: 2025/2026 | E31: 2 | F31: =A31 -> 30 | H31: =B55 -> 4 | I31: =VLOOKUP(B55,'2'!$A$2:$B$39,2,FALSE) -> Pendidikan Pancasila | J31: 4 | K31: XI | L31: =A55 -> 54
A32: 31 | B32: 33 | C32: Mampu meneladan Yesus Kristus sebagai idola dan sahabat sejati dalam mewujudkan iman di masyarakat. | D32: 2025/2026 | E32: 2 | F32: =A32 -> 31 | H32: =B56 -> 26 | I32: =VLOOKUP(B56,'2'!$A$2:$B$39,2,FALSE) -> Pendidikan Jasmani, Olahraga, dan Kesehatan | J32: 4 | K32: XI | L32: =A56 -> 55
A33: 32 | B33: 4 | C33: Mampu menganalisis peluang tantangan penerapan Pancasila dan menginisiasi kegiatan gotong royong. | D33: 2025/2026 | E33: 2 | F33: =A33 -> 32 | H33: =B57 -> 5 | I33: =VLOOKUP(B57,'2'!$A$2:$B$39,2,FALSE) -> Sejarah | J33: 4 | K33: XI | L33: =A57 -> 56
A34: 33 | B34: 12 | C34: Mampu mengevaluasi gagasan teks biografi, melakukan negosiasi bisnis, dan menulis teks diskusi dengan logis. | D34: 2025/2026 | E34: 2 | F34: =A34 -> 33 | H34: =B58 -> 13 | I34: =VLOOKUP(B58,'2'!$A$2:$B$39,2,FALSE) -> Matematika (Umum) | J34: 4 | K34: XI | L34: =A58 -> 57
A35: 34 | B35: 26 | C35: Mampu mempraktikkan keterampilan gerak spesifik olahraga permainan dan menganalisis konsep kebugaran jasmani. | D35: 2025/2026 | E35: 2 | F35: =A35 -> 34 | H35: =B59 -> 14 | I35: =VLOOKUP(B59,'2'!$A$2:$B$39,2,FALSE) -> Bahasa Inggris | J35: 4 | K35: XI | L35: =A59 -> 58
A36: 35 | B36: 5 | C36: Mampu menganalisis keterkaitan peristiwa sejarah lokal dengan sejarah nasional secara kronologis. | D36: 2025/2026 | E36: 2 | F36: =A36 -> 35 | H36: =B60 -> 18 | I36: =VLOOKUP(B60,'2'!$A$2:$B$39,2,FALSE) -> Konsentrasi Keahlian Teknik Komputer dan Jaringan | J36: 4 | K36: XI | L36: =A60 -> 59
A37: 36 | B37: 6 | C37: Mampu mengapresiasi keunikan ragam hias daerah dan mengkreasi karya seni rupa/pertunjukan secara kreatif. | D37: 2025/2026 | E37: 2 | F37: =A37 -> 36 | H37: =B61 -> 30 | I37: =VLOOKUP(B61,'2'!$A$2:$B$39,2,FALSE) -> Projek Kreatif dan Kewirausahaan | J37: 4 | K37: XI | L37: =A61 -> 60
A38: 37 | B38: 27 | C38: Mampu merancang logika pemrograman dasar phyton dan memahami konsep dasar pemanfaatan teknologi AI. | D38: 2025/2026 | E38: 2 | F38: =A38 -> 37 | H38: =B62 -> 20 | I38: =VLOOKUP(B62,'2'!$A$2:$B$39,2,FALSE) -> Sistem Perancangan IoT | J38: 4 | K38: XI | L38: =A62 -> 61
... A47: 46 | B47: 11 | C47: Mampu menganalisis sengkalan/crita rakyat dan mempraktikkan unggah-ungguh basa dalam teks pacelathon. | D47: 2025/2026 | E47: 2 | F47: =A47 -> 46 | H47: =B71 -> 24 | I47: =VLOOKUP(B71,'2'!$A$2:$B$39,2,FALSE) -> Kursus Bahasa Asing | J47: 4 | K47: XI | L47: =A71 -> 70
A48: 47 | B48: 24 | C48: Mengikuti Kursus Bahasa Korea | D48: 2025/2026 | E48: 2 | F48: =A48 -> 47 | H48: =B72 -> 0 | L48: =A72 -> 0
A49: 48 | B49: 24 | C49: Mengikuti Kursus Bahasa Jepang | D49: 2025/2026 | E49: 2 | F49: =A49 -> 48 | H49: =B73 -> 0 | L49: =A73 -> 0
A50: 49 | B50: 25 | C50: Melaksanakan Kegiatan Pramuka | D50: 2025/2026 | E50: 2 | F50: =A50 -> 49
A51: 50 | B51: 1 | C51: Mampu mengevaluasi ketentuan pernikahan dalam Islam dan mempraktikkan perilaku ekonomi syariah sesuai amanah. | D51: 2025/2026 | E51: 4 | F51: =A51 -> 50
A52: 51 | B52: 2 | C52: Mampu mempraktikkan konsep Astha Aiswarya serta ajaran Yoga Asanas untuk kesehatan fisik dan ketenangan jiwa. | D52: 2025/2026 | E52: 4 | F52: =A52 -> 51
A53: 52 | B53: 3 | C53: Mampu menganalisis peran remaja Kristen dalam membawa damai sejahtera, keadilan, dan demokrasi di dunia. | D53: 2025/2026 | E53: 4 | F53: =A53 -> 52
A54: 53 | B54: 33 | C54: Mampu memahami peran nyata Gereja dalam pelestarian lingkungan hidup dan memperjuangkan keadilan sosial. | D54: 2025/2026 | E54: 4 | F54: =A54 -> 53
A55: 54 | B55: 4 | C55: Mampu menganalisis sistem pertahanan keamanan negara dan mempromosikan budaya damai dalam NKRI. | D55: 2025/2026 | E55: 4 | F55: =A55 -> 54
A56: 55 | B56: 26 | C56: Mampu mempraktikkan gerak senam lantai, senam ritmik, serta menganalisis bahaya pergaulan bebas remaja. | D56: 2025/2026 | E56: 4 | F56: =A56 -> 55
A57: 56 | B57: 5 | C57: Mampu mengevaluasi perjuangan mempertahankan kemerdekaan Indonesia dan dinamika politik awal revolusi. | D57: 2025/2026 | E57: 4 | F57: =A57 -> 56
A58: 57 | B58: 13 | C58: Mampu menyelesaikan masalah lingkaran meliputi garis singgung, tali busur, dan teorema lingkaran terkait. | D58: 2025/2026 | E58: 4 | F58: =A58 -> 57
A59: 58 | B59: 14 | C59: Mampu menyusun teks diskusi dan ulasan (review) lisan/tulis untuk menyampaikan argumen yang kritis. | D59: 2025/2026 | E59: 4 | F59: =A59 -> 58
A60: 59 | B60: 18 | C60: Mampu mengonfigurasi routing dinamis, manajemen bandwidth, dan mengamankan jaringan nirkabel (Hotspot). | D60: 2025/2026 | E60: 4 | F60: =A60 -> 59
A61: 60 | B61: 30 | C61: Mampu menyusun laporan keuangan, strategi pemasaran digital, dan pengurusan hak kekayaan intelektual produk. | D61: 2025/2026 | E61: 4 | F61: =A61 -> 60
... A71: 70 | B71: 24 | C71: Mengikuti Kursus Bahasa Korea | D71: 2025/2026 | E71: 4 | F71: =A71 -> 70

Sheet 4
A1: level | B1: class | C1: kelas | D1: id | E1: teacher_registration_number | F1: teacher_name | G1: teacher_title | J1: 13 | K1: 10
D2: 1 | E2: 10 | F2: Tri Haryoko | G2: S.Pd.
D3: 2 | E3: 20 | F3: Reni Loly Mardianawati | G3: S.Pd.
D4: 3 | E4: 30 | F4: Rita Indahwati | G4: S.Pd.
D5: 4 | E5: 40 | F5: Angkit Sabekti | G5: S.T.
D6: 5 | E6: 50 | F6: Dra. Nur Hidayati | G6: S.Pd.
D7: 6 | E7: 60 | F7: Supandari | G7: S.Pd.
D8: 7 | E8: 70 | F8: Aji Widi | G8: S.Pd.
D9: 8 | E9: 80 | F9: Faaruq Umar Ibnu Chatab Al Amin | G9: S.Pd.
D10: 9 | E10: 90 | F10: Lutfi Arina | G10: S.Pd.
A11: X | B11: TJKT 1 | C11: =_xlfn.CONCAT(A11," ",B11) -> X TJKT 1 | D11: 10 | E11: 100 | F11: Aun Gentara Firdausya Gusty | G11: S.Pd.
A12: XI | B12: TJKT 1 | C12: =_xlfn.CONCAT(A12," ",B12) -> XI TJKT 1 | D12: 11 | E12: 110 | F12: Irfandi Tri Pamungkas | G12: S.Pd. | J12: X | K12: =COUNTIF($A$11:$A$40,"=X") -> 13
A13: X | B13: TJKT 2 | C13: =_xlfn.CONCAT(A13," ",B13) -> X TJKT 2 | D13: 12 | E13: 120 | F13: Dian Puspitasari | G13: S.Sn. | J13: XI | K13: =COUNTIF($A$11:$A$40,"=XI") -> 10
A14: XI | B14: TJKT 2 | C14: =_xlfn.CONCAT(A14," ",B14) -> XI TJKT 2 | D14: 13 | E14: 130 | F14: Fitriyanda Bagus Saputra | G14: S.Pd. | K14: =SUM(K12:K13) -> 23
A15: X | B15: TOI 1 | C15: =_xlfn.CONCAT(A15," ",B15) -> X TOI 1 | D15: 14 | E15: 140 | F15: Anastasia Anik Pujianti | G15: S.Pd.
A16: XI | B16: TOI 1 | C16: =_xlfn.CONCAT(A16," ",B16) -> XI TOI 1 | D16: 15 | E16: 150 | F16: Vitria Indriyani Setyaningsih | G16: S.Kom, M.Pd
A17: X | B17: TOI 2 | C17: =_xlfn.CONCAT(A17," ",B17) -> X TOI 2 | D17: 16 | E17: 160 | F17: Isnaini Nurhidayah | G17: S.Pd.
A18: XI | B18: TOI 2 | C18: =_xlfn.CONCAT(A18," ",B18) -> XI TOI 2 | D18: 17 | E18: 170 | F18: Tiara Surya Madani | G18: S.Pd.
A19: X | B19: TOI 3 | C19: =_xlfn.CONCAT(A19," ",B19) -> X TOI 3 | D19: 18 | E19: 180 | F19: Adha Nur Qahar | G19: S.T.
A20: X | B20: TP 1 | C20: =_xlfn.CONCAT(A20," ",B20) -> X TP 1 | D20: 19 | E20: 190 | F20: Okky Uung Wijaya | G20: S.Pd.
A21: XI | B21: TP 1 | C21: =_xlfn.CONCAT(A21," ",B21) -> XI TP 1 | D21: 20 | E21: 200 | F21: Tantri Purwanti | G21: S.Pd.
A22: X | B22: TP 2 | C22: =_xlfn.CONCAT(A22," ",B22) -> X TP 2 | D22: 21 | E22: 210 | F22: Heri Setyawan | G22: S.Pd.
A23: XI | B23: TP 2 | C23: =_xlfn.CONCAT(A23," ",B23) -> XI TP 2 | D23: 22 | E23: 220 | F23: Yesi Setyorini | G23: S.Pd.
A24: XI | B24: TP 3 | C24: =_xlfn.CONCAT(A24," ",B24) -> XI TP 3 | D24: 23 | E24: 230 | F24: Sri Wahyuni | G24: S.Pd.
A25: X | B25: TP 3 | C25: =_xlfn.CONCAT(A25," ",B25) -> X TP 3 | D25: 24 | E25: 240 | F25: Sri Adiningsih Utami N | G25: M.Pd.
A26: X | B26: TP 4 | C26: =_xlfn.CONCAT(A26," ",B26) -> X TP 4 | D26: 25 | E26: 250 | F26: Yuni Dwi Hastutik | G26: S.Pd.
... A33: X | B33: TSM 3 | C33: =_xlfn.CONCAT(A33," ",B33) -> X TSM 3 | D33: 32 | E33: 320 | F33: Muhid Murtadho | G33: S.Pd.
D34: 33 | E34: 330 | F34: Kiryanto | G34: S.Pd.
D35: 34 | E35: 340 | F35: Budi Jarwanto | G35: S.Pd.
D36: 35 | E36: 350 | F36: Istanto | G36: S.Kom, M.Pd
D37: 36 | E37: 360 | F37: Fadila Fauzia Firdaus | G37: S.Pd.
D38: 37 | E38: 370 | F38: Yusuf Adi Khurniawan | G38: S.T.
D39: 38 | E39: 380 | F39: Ady Prasetyo | G39: S.T.
D40: 39 | E40: 390 | F40: Haris Willyanto | G40: S.T.
C65: =_xlfn.CONCAT(A65," ",B65) | E65: 330
C66: =_xlfn.CONCAT(A66," ",B66) | E66: 340
C67: =_xlfn.CONCAT(A67," ",B67) | E67: 350
C68: =_xlfn.CONCAT(A68," ",B68) | E68: 360
C69: =_xlfn.CONCAT(A69," ",B69) | E69: 370
C70: =_xlfn.CONCAT(A70," ",B70) | E70: 380
C71: =_xlfn.CONCAT(A71," ",B71) | E71: 390

Sheet 5
A1: kelas | B1: 12 | M1: kelas | N1: 10 | V1: Sakit | W1: Ijin | X1: Alpa | AB1: kelas | AC1: 11 | AK1: Sakit | AL1: Ijin | AM1: Alpa
A2: history id | B2: nis | C2: nisn | D2: name | F2: Ijin | G2: Sakit | H2: Alpa | M2: history id | N2: nis | O2: nisn | P2: name | Q2: id class | R2: wali kelas | S2: kelas | T2: level | U2: class | AB2: nis | AC2: nisn | AD2: name | AE2: history id | AF2: id class | AG2: wali kelas | AH2: kelas | AI2: level | AJ2: class
A3: 1 | B3: 13491 | C3: '0076766535 | D3: Afria Andri Imam Solikhin | E3: XII TKJ 1 | G3: 0 | H3: 3 | I3: TKJ 1 | J3: 1 | M3: 264 | N3: 14162 | P3: Aisha Nurfadhila | Q3: =VLOOKUP(S3,'6'!$I$2:$J$33,2,FALSE) -> 10 | R3: =VLOOKUP(S3,'4'!$C$11:$F$33,2,FALSE) -> 10 | S3: =_xlfn.CONCAT(T3," ",U3) -> X TJKT 1 | T3: X | U3: TJKT 1 | V3: =VLOOKUP(P3,[1]Sheet1!$B$2:$E$393,2,FALSE) -> 0 | W3: =VLOOKUP(P3,[1]Sheet1!$B$2:$E$393,3,FALSE) -> 0 | X3: =VLOOKUP(P3,[1]Sheet1!$B$2:$E$393,4,FALSE) -> 0 | AB3: 13803 | AD3: Abdul Rohmat Yulianto | AE3: 630 | AF3: =VLOOKUP(AH3,'6'!$I$2:$J$33,2,FALSE) -> 23 | AG3: =VLOOKUP(AH3,'4'!$C$11:$F$33,2,FALSE) -> 11 | AH3: =_xlfn.CONCAT(AI3," ",AJ3) -> XI TJKT 1 | AI3: XI | AJ3: TJKT 1 | AK3: =VLOOKUP(AD3,[1]xi!$B$3:$E$208,2,FALSE) -> #N/A | AL3: =VLOOKUP(AD3,[1]xi!$B$3:$E$208,3,FALSE) -> #N/A | AM3: =VLOOKUP(AD3,[1]xi!$B$3:$E$208,4,FALSE) -> #N/A | AN3: PKL
A4: 2 | B4: 13493 | C4: '0085280042 | D4: Ahmad Rizky Mubaroq | E4: XII TKJ 1 | F4: 0 | G4: 0 | H4: 0 | I4: TKJ 1 | J4: 1 | M4: 265 | N4: 14163 | P4: Alvino Maulana Rasya | Q4: =VLOOKUP(S4,'6'!$I$2:$J$33,2,FALSE) -> 10 | R4: =VLOOKUP(S4,'4'!$C$11:$F$33,2,FALSE) -> 10 | S4: =_xlfn.CONCAT(T4," ",U4) -> X TJKT 1 | T4: X | U4: TJKT 1 | V4: =VLOOKUP(P4,[1]Sheet1!$B$2:$E$393,2,FALSE) -> 0 | W4: =VLOOKUP(P4,[1]Sheet1!$B$2:$E$393,3,FALSE) -> 0 | X4: =VLOOKUP(P4,[1]Sheet1!$B$2:$E$393,4,FALSE) -> 0 | AB4: 13804 | AD4: Abi Becam Syah | AE4: 631 | AF4: =VLOOKUP(AH4,'6'!$I$2:$J$33,2,FALSE) -> 23 | AG4: =VLOOKUP(AH4,'4'!$C$11:$F$33,2,FALSE) -> 11 | AH4: =_xlfn.CONCAT(AI4," ",AJ4) -> XI TJKT 1 | AI4: XI | AJ4: TJKT 1 | AK4: =VLOOKUP(AD4,[1]xi!$B$3:$E$208,2,FALSE) -> #N/A | AL4: =VLOOKUP(AD4,[1]xi!$B$3:$E$208,3,FALSE) -> #N/A | AM4: =VLOOKUP(AD4,[1]xi!$B$3:$E$208,4,FALSE) -> #N/A | AN4: PKL
A5: 3 | B5: 13494 | C5: '0088221596 | D5: Alvaro Christian Widhiatama | E5: XII TKJ 1 | F5: 0 | G5: 0 | H5: 0 | I5: TKJ 1 | J5: 1 | M5: 266 | N5: 14164 | P5: Alvis Bramantya Putra | Q5: =VLOOKUP(S5,'6'!$I$2:$J$33,2,FALSE) -> 10 | R5: =VLOOKUP(S5,'4'!$C$11:$F$33,2,FALSE) -> 10 | S5: =_xlfn.CONCAT(T5," ",U5) -> X TJKT 1 | T5: X | U5: TJKT 1 | V5: =VLOOKUP(P5,[1]Sheet1!$B$2:$E$393,2,FALSE) -> 0 | W5: =VLOOKUP(P5,[1]Sheet1!$B$2:$E$393,3,FALSE) -> 0 | X5: =VLOOKUP(P5,[1]Sheet1!$B$2:$E$393,4,FALSE) -> 0 | AB5: 13805 | AD5: Abi Manyu | AE5: 632 | AF5: =VLOOKUP(AH5,'6'!$I$2:$J$33,2,FALSE) -> 23 | AG5: =VLOOKUP(AH5,'4'!$C$11:$F$33,2,FALSE) -> 11 | AH5: =_xlfn.CONCAT(AI5," ",AJ5) -> XI TJKT 1 | AI5: XI | AJ5: TJKT 1 | AK5: =VLOOKUP(AD5,[1]xi!$B$3:$E$208,2,FALSE) -> #N/A | AL5: =VLOOKUP(AD5,[1]xi!$B$3:$E$208,3,FALSE) -> #N/A | AM5: =VLOOKUP(AD5,[1]xi!$B$3:$E$208,4,FALSE) -> #N/A | AN5: PKL
A6: 4 | B6: 13495 | C6: '0084691033 | D6: Amelia Permata Titian | E6: XII TKJ 1 | F6: 0 | G6: 0 | H6: 3 | I6: TKJ 1 | J6: 1 | M6: 267 | N6: 14165 | P6: Anggita Sabekti | Q6: =VLOOKUP(S6,'6'!$I$2:$J$33,2,FALSE) -> 10 | R6: =VLOOKUP(S6,'4'!$C$11:$F$33,2,FALSE) -> 10 | S6: =_xlfn.CONCAT(T6," ",U6) -> X TJKT 1 | T6: X | U6: TJKT 1 | V6: =VLOOKUP(P6,[1]Sheet1!$B$2:$E$393,2,FALSE) -> 0 | W6: =VLOOKUP(P6,[1]Sheet1!$B$2:$E$393,3,FALSE) -> 0 | X6: =VLOOKUP(P6,[1]Sheet1!$B$2:$E$393,4,FALSE) -> 0 | AB6: 13806 | AD6: Affan Fahrozi | AE6: 633 | AF6: =VLOOKUP(AH6,'6'!$I$2:$J$33,2,FALSE) -> 23 | AG6: =VLOOKUP(AH6,'4'!$C$11:$F$33,2,FALSE) -> 11 | AH6: =_xlfn.CONCAT(AI6," ",AJ6) -> XI TJKT 1 | AI6: XI | AJ6: TJKT 1 | AK6: =VLOOKUP(AD6,[1]xi!$B$3:$E$208,2,FALSE) -> #N/A | AL6: =VLOOKUP(AD6,[1]xi!$B$3:$E$208,3,FALSE) -> #N/A | AM6: =VLOOKUP(AD6,[1]xi!$B$3:$E$208,4,FALSE) -> #N/A | AN6: PKL
A7: 5 | B7: 13496 | C7: '0086206662 | D7: Andhika Danu Perdana | E7: XII TKJ 1 | F7: 0 | G7: 0 | H7: 0 | I7: TKJ 1 | J7: 1 | M7: 268 | N7: 14166 | P7: Arvina Novellyana | Q7: =VLOOKUP(S7,'6'!$I$2:$J$33,2,FALSE) -> 10 | R7: =VLOOKUP(S7,'4'!$C$11:$F$33,2,FALSE) -> 10 | S7: =_xlfn.CONCAT(T7," ",U7) -> X TJKT 1 | T7: X | U7: TJKT 1 | V7: =VLOOKUP(P7,[1]Sheet1!$B$2:$E$393,2,FALSE) -> 0 | W7: =VLOOKUP(P7,[1]Sheet1!$B$2:$E$393,3,FALSE) -> 0 | X7: =VLOOKUP(P7,[1]Sheet1!$B$2:$E$393,4,FALSE) -> 0 | AB7: 13807 | AD7: Ajeng Viera Putri Ramadhani | AE7: 634 | AF7: =VLOOKUP(AH7,'6'!$I$2:$J$33,2,FALSE) -> 23 | AG7: =VLOOKUP(AH7,'4'!$C$11:$F$33,2,FALSE) -> 11 | AH7: =_xlfn.CONCAT(AI7," ",AJ7) -> XI TJKT 1 | AI7: XI | AJ7: TJKT 1 | AK7: =VLOOKUP(AD7,[1]xi!$B$3:$E$208,2,FALSE) -> #N/A | AL7: =VLOOKUP(AD7,[1]xi!$B$3:$E$208,3,FALSE) -> #N/A | AM7: =VLOOKUP(AD7,[1]xi!$B$3:$E$208,4,FALSE) -> #N/A | AN7: PKL
A8: 6 | B8: 13497 | C8: '0082636617 | D8: Bella Aprilia | E8: XII TKJ 1 | F8: 0 | G8: 1 | H8: 2 | I8: TKJ 1 | J8: 1 | M8: 269 | N8: 14167 | P8: Asyifa Fatimah Azzahra | Q8: =VLOOKUP(S8,'6'!$I$2:$J$33,2,FALSE) -> 10 | R8: =VLOOKUP(S8,'4'!$C$11:$F$33,2,FALSE) -> 10 | S8: =_xlfn.CONCAT(T8," ",U8) -> X TJKT 1 | T8: X | U8: TJKT 1 | V8: =VLOOKUP(P8,[1]Sheet1!$B$2:$E$393,2,FALSE) -> 0 | W8: =VLOOKUP(P8,[1]Sheet1!$B$2:$E$393,3,FALSE) -> 0 | X8: =VLOOKUP(P8,[1]Sheet1!$B$2:$E$393,4,FALSE) -> 0 | AB8: 13808 | AD8: Aldo Muhammad Kurniawan | AE8: 635 | AF8: =VLOOKUP(AH8,'6'!$I$2:$J$33,2,FALSE) -> 23 | AG8: =VLOOKUP(AH8,'4'!$C$11:$F$33,2,FALSE) -> 11 | AH8: =_xlfn.CONCAT(AI8," ",AJ8) -> XI TJKT 1 | AI8: XI | AJ8: TJKT 1 | AK8: =VLOOKUP(AD8,[1]xi!$B$3:$E$208,2,FALSE) -> #N/A | AL8: =VLOOKUP(AD8,[1]xi!$B$3:$E$208,3,FALSE) -> #N/A | AM8: =VLOOKUP(AD8,[1]xi!$B$3:$E$208,4,FALSE) -> #N/A | AN8: PKL
A9: 7 | B9: 13498 | C9: '0089202248 | D9: Chandra Deny Prasetyo | E9: XII TKJ 1 | F9: 0 | G9: 0 | H9: 3 | I9: TKJ 1 | J9: 1 | M9: 270 | N9: 14168 | P9: Bagas Saputra Pratama | Q9: =VLOOKUP(S9,'6'!$I$2:$J$33,2,FALSE) -> 10 | R9: =VLOOKUP(S9,'4'!$C$11:$F$33,2,FALSE) -> 10 | S9: =_xlfn.CONCAT(T9," ",U9) -> X TJKT 1 | T9: X | U9: TJKT 1 | V9: =VLOOKUP(P9,[1]Sheet1!$B$2:$E$393,2,FALSE) -> 0 | W9: =VLOOKUP(P9,[1]Sheet1!$B$2:$E$393,3,FALSE) -> 0 | X9: =VLOOKUP(P9,[1]Sheet1!$B$2:$E$393,4,FALSE) -> 1 | AB9: 13809 | AD9: Alfian Hafizh Arkhan | AE9: 636 | AF9: =VLOOKUP(AH9,'6'!$I$2:$J$33,2,FALSE) -> 23 | AG9: =VLOOKUP(AH9,'4'!$C$11:$F$33,2,FALSE) -> 11 | AH9: =_xlfn.CONCAT(AI9," ",AJ9) -> XI TJKT 1 | AI9: XI | AJ9: TJKT 1 | AK9: =VLOOKUP(AD9,[1]xi!$B$3:$E$208,2,FALSE) -> #N/A | AL9: =VLOOKUP(AD9,[1]xi!$B$3:$E$208,3,FALSE) -> #N/A | AM9: =VLOOKUP(AD9,[1]xi!$B$3:$E$208,4,FALSE) -> #N/A | AN9: PKL
A10: 8 | B10: 13499 | C10: '0087295364 | D10: Dava Alifian Putra | E10: XII TKJ 1 | F10: 0 | G10: 0 | H10: 0 | I10: TKJ 1 | J10: 1 | M10: 271 | N10: 14169 | P10: Desi Natasya | Q10: =VLOOKUP(S10,'6'!$I$2:$J$33,2,FALSE) -> 10 | R10: =VLOOKUP(S10,'4'!$C$11:$F$33,2,FALSE) -> 10 | S10: =_xlfn.CONCAT(T10," ",U10) -> X TJKT 1 | T10: X | U10: TJKT 1 | V10: =VLOOKUP(P10,[1]Sheet1!$B$2:$E$393,2,FALSE) -> 0 | W10: =VLOOKUP(P10,[1]Sheet1!$B$2:$E$393,3,FALSE) -> 0 | X10: =VLOOKUP(P10,[1]Sheet1!$B$2:$E$393,4,FALSE) -> 0 | AB10: 13810 | AD10: Arief Rahmat Sholeh | AE10: 637 | AF10: =VLOOKUP(AH10,'6'!$I$2:$J$33,2,FALSE) -> 23 | AG10: =VLOOKUP(AH10,'4'!$C$11:$F$33,2,FALSE) -> 11 | AH10: =_xlfn.CONCAT(AI10," ",AJ10) -> XI TJKT 1 | AI10: XI | AJ10: TJKT 1 | AK10: =VLOOKUP(AD10,[1]xi!$B$3:$E$208,2,FALSE) -> #N/A | AL10: =VLOOKUP(AD10,[1]xi!$B$3:$E$208,3,FALSE) -> #N/A | AM10: =VLOOKUP(AD10,[1]xi!$B$3:$E$208,4,FALSE) -> #N/A | AN10: PKL
A11: 9 | B11: 13500 | C11: '0074432651 | D11: Eka Putri Ramadhani | E11: XII TKJ 1 | F11: 0 | G11: 0 | H11: 2 | I11: TKJ 1 | J11: 1 | M11: 272 | N11: 14170 | P11: Desi Puteri Arsiska | Q11: =VLOOKUP(S11,'6'!$I$2:$J$33,2,FALSE) -> 10 | R11: =VLOOKUP(S11,'4'!$C$11:$F$33,2,FALSE) -> 10 | S11: =_xlfn.CONCAT(T11," ",U11) -> X TJKT 1 | T11: X | U11: TJKT 1 | V11: =VLOOKUP(P11,[1]Sheet1!$B$2:$E$393,2,FALSE) -> 0 | W11: =VLOOKUP(P11,[1]Sheet1!$B$2:$E$393,3,FALSE) -> 0 | X11: =VLOOKUP(P11,[1]Sheet1!$B$2:$E$393,4,FALSE) -> 0 | AB11: 13811 | AD11: Aris Firmansyah | AE11: 638 | AF11: =VLOOKUP(AH11,'6'!$I$2:$J$33,2,FALSE) -> 23 | AG11: =VLOOKUP(AH11,'4'!$C$11:$F$33,2,FALSE) -> 11 | AH11: =_xlfn.CONCAT(AI11," ",AJ11) -> XI TJKT 1 | AI11: XI | AJ11: TJKT 1 | AK11: =VLOOKUP(AD11,[1]xi!$B$3:$E$208,2,FALSE) -> #N/A | AL11: =VLOOKUP(AD11,[1]xi!$B$3:$E$208,3,FALSE) -> #N/A | AM11: =VLOOKUP(AD11,[1]xi!$B$3:$E$208,4,FALSE) -> #N/A | AN11: PKL
A12: 10 | B12: 13501 | C12: '0086051128 | D12: Elina Trihapsari | E12: XII TKJ 1 | F12: 1 | G12: 0 | H12: 2 | I12: TKJ 1 | J12: 1 | M12: 273 | N12: 14171 | P12: Destina Kasih | Q12: =VLOOKUP(S12,'6'!$I$2:$J$33,2,FALSE) -> 10 | R12: =VLOOKUP(S12,'4'!$C$11:$F$33,2,FALSE) -> 10 | S12: =_xlfn.CONCAT(T12," ",U12) -> X TJKT 1 | T12: X | U12: TJKT 1 | V12: =VLOOKUP(P12,[1]Sheet1!$B$2:$E$393,2,FALSE) -> 1 | W12: =VLOOKUP(P12,[1]Sheet1!$B$2:$E$393,3,FALSE) -> 0 | X12: =VLOOKUP(P12,[1]Sheet1!$B$2:$E$393,4,FALSE) -> 1 | AB12: 13812 | AD12: Ashe Ardhana Putra | AE12: 639 | AF12: =VLOOKUP(AH12,'6'!$I$2:$J$33,2,FALSE) -> 23 | AG12: =VLOOKUP(AH12,'4'!$C$11:$F$33,2,FALSE) -> 11 | AH12: =_xlfn.CONCAT(AI12," ",AJ12) -> XI TJKT 1 | AI12: XI | AJ12: TJKT 1 | AK12: =VLOOKUP(AD12,[1]xi!$B$3:$E$208,2,FALSE) -> #N/A | AL12: =VLOOKUP(AD12,[1]xi!$B$3:$E$208,3,FALSE) -> #N/A | AM12: =VLOOKUP(AD12,[1]xi!$B$3:$E$208,4,FALSE) -> #N/A | AN12: PKL
A13: 11 | B13: 13502 | C13: '3086633600 | D13: Evan Seva Arahman | E13: XII TKJ 1 | F13: 0 | G13: 0 | H13: 1 | I13: TKJ 1 | J13: 1 | M13: 274 | N13: 14172 | P13: Dio Ivan Kurnia | Q13: =VLOOKUP(S13,'6'!$I$2:$J$33,2,FALSE) -> 10 | R13: =VLOOKUP(S13,'4'!$C$11:$F$33,2,FALSE) -> 10 | S13: =_xlfn.CONCAT(T13," ",U13) -> X TJKT 1 | T13: X | U13: TJKT 1 | V13: =VLOOKUP(P13,[1]Sheet1!$B$2:$E$393,2,FALSE) -> 1 | W13: =VLOOKUP(P13,[1]Sheet1!$B$2:$E$393,3,FALSE) -> 0 | X13: =VLOOKUP(P13,[1]Sheet1!$B$2:$E$393,4,FALSE) -> 1 | AB13: 13813 | AD13: Asiska Pangesti | AE13: 640 | AF13: =VLOOKUP(AH13,'6'!$I$2:$J$33,2,FALSE) -> 23 | AG13: =VLOOKUP(AH13,'4'!$C$11:$F$33,2,FALSE) -> 11 | AH13: =_xlfn.CONCAT(AI13," ",AJ13) -> XI TJKT 1 | AI13: XI | AJ13: TJKT 1 | AK13: =VLOOKUP(AD13,[1]xi!$B$3:$E$208,2,FALSE) -> #N/A | AL13: =VLOOKUP(AD13,[1]xi!$B$3:$E$208,3,FALSE) -> #N/A | AM13: =VLOOKUP(AD13,[1]xi!$B$3:$E$208,4,FALSE) -> #N/A | AN13: PKL
A14: 12 | B14: 13503 | C14: '0089443556 | D14: Ghani Ikhwan Fauzi | E14: XII TKJ 1 | F14: 0 | G14: 0 | H14: 1 | I14: TKJ 1 | J14: 1 | M14: 275 | N14: 14173 | P14: Febriana Alya Zarifa | Q14: =VLOOKUP(S14,'6'!$I$2:$J$33,2,FALSE) -> 10 | R14: =VLOOKUP(S14,'4'!$C$11:$F$33,2,FALSE) -> 10 | S14: =_xlfn.CONCAT(T14," ",U14) -> X TJKT 1 | T14: X | U14: TJKT 1 | V14: =VLOOKUP(P14,[1]Sheet1!$B$2:$E$393,2,FALSE) -> 0 | W14: =VLOOKUP(P14,[1]Sheet1!$B$2:$E$393,3,FALSE) -> 0 | X14: =VLOOKUP(P14,[1]Sheet1!$B$2:$E$393,4,FALSE) -> 1 | AB14: 13814 | AD14: Asokawati Ning Kusuma | AE14: 641 | AF14: =VLOOKUP(AH14,'6'!$I$2:$J$33,2,FALSE) -> 23 | AG14: =VLOOKUP(AH14,'4'!$C$11:$F$33,2,FALSE) -> 11 | AH14: =_xlfn.CONCAT(AI14," ",AJ14) -> XI TJKT 1 | AI14: XI | AJ14: TJKT 1 | AK14: =VLOOKUP(AD14,[1]xi!$B$3:$E$208,2,FALSE) -> #N/A | AL14: =VLOOKUP(AD14,[1]xi!$B$3:$E$208,3,FALSE) -> #N/A | AM14: =VLOOKUP(AD14,[1]xi!$B$3:$E$208,4,FALSE) -> #N/A | AN14: PKL
A15: 13 | B15: 13505 | C15: '0078321428 | D15: Keysa Citra Lestari | E15: XII TKJ 1 | F15: 0 | G15: 1 | H15: 2 | I15: TKJ 1 | J15: 1 | M15: 276 | N15: 14174 | P15: Figo Eka Prasetyo | Q15: =VLOOKUP(S15,'6'!$I$2:$J$33,2,FALSE) -> 10 | R15: =VLOOKUP(S15,'4'!$C$11:$F$33,2,FALSE) -> 10 | S15: =_xlfn.CONCAT(T15," ",U15) -> X TJKT 1 | T15: X | U15: TJKT 1 | V15: =VLOOKUP(P15,[1]Sheet1!$B$2:$E$393,2,FALSE) -> 0 | W15: =VLOOKUP(P15,[1]Sheet1!$B$2:$E$393,3,FALSE) -> 0 | X15: =VLOOKUP(P15,[1]Sheet1!$B$2:$E$393,4,FALSE) -> 1 | AB15: 13815 | AD15: Budi Utomo | AE15: 642 | AF15: =VLOOKUP(AH15,'6'!$I$2:$J$33,2,FALSE) -> 23 | AG15: =VLOOKUP(AH15,'4'!$C$11:$F$33,2,FALSE) -> 11 | AH15: =_xlfn.CONCAT(AI15," ",AJ15) -> XI TJKT 1 | AI15: XI | AJ15: TJKT 1 | AK15: =VLOOKUP(AD15,[1]xi!$B$3:$E$208,2,FALSE) -> #N/A | AL15: =VLOOKUP(AD15,[1]xi!$B$3:$E$208,3,FALSE) -> #N/A | AM15: =VLOOKUP(AD15,[1]xi!$B$3:$E$208,4,FALSE) -> #N/A | AN15: PKL
... A20: 18 | B20: 13510 | C20: '0087691184 | D20: Mochammad Rizwan Hakim | E20: XII TKJ 1 | F20: 0 | G20: 1 | H20: 2 | I20: TKJ 1 | J20: 1 | M20: 281 | N20: 14179 | P20: Helsa Amadea | Q20: =VLOOKUP(S20,'6'!$I$2:$J$33,2,FALSE) -> 10 | R20: =VLOOKUP(S20,'4'!$C$11:$F$33,2,FALSE) -> 10 | S20: =_xlfn.CONCAT(T20," ",U20) -> X TJKT 1 | T20: X | U20: TJKT 1 | V20: =VLOOKUP(P20,[1]Sheet1!$B$2:$E$393,2,FALSE) -> 0 | W20: =VLOOKUP(P20,[1]Sheet1!$B$2:$E$393,3,FALSE) -> 0 | X20: =VLOOKUP(P20,[1]Sheet1!$B$2:$E$393,4,FALSE) -> 0 | AB20: 13820 | AD20: Fabian Warzal Ahmad Zikri | AE20: 647 | AF20: =VLOOKUP(AH20,'6'!$I$2:$J$33,2,FALSE) -> 23 | AG20: =VLOOKUP(AH20,'4'!$C$11:$F$33,2,FALSE) -> 11 | AH20: =_xlfn.CONCAT(AI20," ",AJ20) -> XI TJKT 1 | AI20: XI | AJ20: TJKT 1 | AK20: =VLOOKUP(AD20,[1]xi!$B$3:$E$208,2,FALSE) -> #N/A | AL20: =VLOOKUP(AD20,[1]xi!$B$3:$E$208,3,FALSE) -> #N/A | AM20: =VLOOKUP(AD20,[1]xi!$B$3:$E$208,4,FALSE) -> #N/A | AN20: PKL
A21: 19 | B21: 13594 | C21: 76974388 | D21: Muhamad Firasa Ikhsan | E21: XII TKJ 1 | F21: 0 | G21: 0 | H21: 0 | I21: TKJ 1 | J21: 1 | M21: 282 | N21: 14180 | P21: Ikhsan Jaiz Setiawan | Q21: =VLOOKUP(S21,'6'!$I$2:$J$33,2,FALSE) -> 10 | R21: =VLOOKUP(S21,'4'!$C$11:$F$33,2,FALSE) -> 10 | S21: =_xlfn.CONCAT(T21," ",U21) -> X TJKT 1 | T21: X | U21: TJKT 1 | V21: =VLOOKUP(P21,[1]Sheet1!$B$2:$E$393,2,FALSE) -> 0 | W21: =VLOOKUP(P21,[1]Sheet1!$B$2:$E$393,3,FALSE) -> 0 | X21: =VLOOKUP(P21,[1]Sheet1!$B$2:$E$393,4,FALSE) -> 0 | AB21: 13821 | AD21: Fauzan Rahmadan Wibowo | AE21: 648 | AF21: =VLOOKUP(AH21,'6'!$I$2:$J$33,2,FALSE) -> 23 | AG21: =VLOOKUP(AH21,'4'!$C$11:$F$33,2,FALSE) -> 11 | AH21: =_xlfn.CONCAT(AI21," ",AJ21) -> XI TJKT 1 | AI21: XI | AJ21: TJKT 1 | AK21: =VLOOKUP(AD21,[1]xi!$B$3:$E$208,2,FALSE) -> #N/A | AL21: =VLOOKUP(AD21,[1]xi!$B$3:$E$208,3,FALSE) -> #N/A | AM21: =VLOOKUP(AD21,[1]xi!$B$3:$E$208,4,FALSE) -> #N/A | AN21: PKL
A22: 20 | B22: 13511 | C22: '0083759029 | D22: Putri Kurnia Ningsih | E22: XII TKJ 1 | F22: 0 | G22: 0 | H22: 1 | I22: TKJ 1 | J22: 1 | M22: 283 | N22: 14181 | P22: Iqbal Dzakwaan Yusuf Raditya | Q22: =VLOOKUP(S22,'6'!$I$2:$J$33,2,FALSE) -> 10 | R22: =VLOOKUP(S22,'4'!$C$11:$F$33,2,FALSE) -> 10 | S22: =_xlfn.CONCAT(T22," ",U22) -> X TJKT 1 | T22: X | U22: TJKT 1 | V22: =VLOOKUP(P22,[1]Sheet1!$B$2:$E$393,2,FALSE) -> 0 | W22: =VLOOKUP(P22,[1]Sheet1!$B$2:$E$393,3,FALSE) -> 0 | X22: =VLOOKUP(P22,[1]Sheet1!$B$2:$E$393,4,FALSE) -> 0 | AB22: 13822 | AD22: Febio Robert Frederico | AE22: 649 | AF22: =VLOOKUP(AH22,'6'!$I$2:$J$33,2,FALSE) -> 23 | AG22: =VLOOKUP(AH22,'4'!$C$11:$F$33,2,FALSE) -> 11 | AH22: =_xlfn.CONCAT(AI22," ",AJ22) -> XI TJKT 1 | AI22: XI | AJ22: TJKT 1 | AK22: =VLOOKUP(AD22,[1]xi!$B$3:$E$208,2,FALSE) -> #N/A | AL22: =VLOOKUP(AD22,[1]xi!$B$3:$E$208,3,FALSE) -> #N/A | AM22: =VLOOKUP(AD22,[1]xi!$B$3:$E$208,4,FALSE) -> #N/A | AN22: PKL
A23: 21 | B23: 13512 | C23: '0086305333 | D23: Rahayuning Hanif | E23: XII TKJ 1 | F23: 0 | G23: 0 | H23: 1 | I23: TKJ 1 | J23: 1 | M23: 284 | N23: 14182 | P23: Irsyad Maulana Utama | Q23: =VLOOKUP(S23,'6'!$I$2:$J$33,2,FALSE) -> 10 | R23: =VLOOKUP(S23,'4'!$C$11:$F$33,2,FALSE) -> 10 | S23: =_xlfn.CONCAT(T23," ",U23) -> X TJKT 1 | T23: X | U23: TJKT 1 | V23: =VLOOKUP(P23,[1]Sheet1!$B$2:$E$393,2,FALSE) -> 0 | W23: =VLOOKUP(P23,[1]Sheet1!$B$2:$E$393,3,FALSE) -> 0 | X23: =VLOOKUP(P23,[1]Sheet1!$B$2:$E$393,4,FALSE) -> 0 | AB23: 13928 | AD23: Gingga Amirul Muiz | AE23: 650 | AF23: =VLOOKUP(AH23,'6'!$I$2:$J$33,2,FALSE) -> 23 | AG23: =VLOOKUP(AH23,'4'!$C$11:$F$33,2,FALSE) -> 11 | AH23: =_xlfn.CONCAT(AI23," ",AJ23) -> XI TJKT 1 | AI23: XI | AJ23: TJKT 1 | AK23: =VLOOKUP(AD23,[1]xi!$B$3:$E$208,2,FALSE) -> #N/A | AL23: =VLOOKUP(AD23,[1]xi!$B$3:$E$208,3,FALSE) -> #N/A | AM23: =VLOOKUP(AD23,[1]xi!$B$3:$E$208,4,FALSE) -> #N/A | AN23: PKL
A24: 22 | B24: 13513 | C24: '0073776120 | D24: Ramandani Aas Satriyani | E24: XII TKJ 1 | F24: 1 | G24: 0 | H24: 2 | I24: TKJ 1 | J24: 1 | M24: 285 | N24: 14183 | P24: Kirana Gladis Anmarsya | Q24: =VLOOKUP(S24,'6'!$I$2:$J$33,2,FALSE) -> 10 | R24: =VLOOKUP(S24,'4'!$C$11:$F$33,2,FALSE) -> 10 | S24: =_xlfn.CONCAT(T24," ",U24) -> X TJKT 1 | T24: X | U24: TJKT 1 | V24: =VLOOKUP(P24,[1]Sheet1!$B$2:$E$393,2,FALSE) -> 0 | W24: =VLOOKUP(P24,[1]Sheet1!$B$2:$E$393,3,FALSE) -> 0 | X24: =VLOOKUP(P24,[1]Sheet1!$B$2:$E$393,4,FALSE) -> 0 | AB24: 13823 | AD24: Hilmiyahya Said | AE24: 651 | AF24: =VLOOKUP(AH24,'6'!$I$2:$J$33,2,FALSE) -> 23 | AG24: =VLOOKUP(AH24,'4'!$C$11:$F$33,2,FALSE) -> 11 | AH24: =_xlfn.CONCAT(AI24," ",AJ24) -> XI TJKT 1 | AI24: XI | AJ24: TJKT 1 | AK24: =VLOOKUP(AD24,[1]xi!$B$3:$E$208,2,FALSE) -> #N/A | AL24: =VLOOKUP(AD24,[1]xi!$B$3:$E$208,3,FALSE) -> #N/A | AM24: =VLOOKUP(AD24,[1]xi!$B$3:$E$208,4,FALSE) -> #N/A | AN24: PKL
A25: 23 | B25: 13514 | C25: '0088996550 | D25: Rayhan Danish Ghailan | E25: XII TKJ 1 | F25: 0 | G25: 0 | H25: 2 | I25: TKJ 1 | J25: 1 | M25: 286 | N25: 14184 | P25: Kirani Ariela Agustina | Q25: =VLOOKUP(S25,'6'!$I$2:$J$33,2,FALSE) -> 10 | R25: =VLOOKUP(S25,'4'!$C$11:$F$33,2,FALSE) -> 10 | S25: =_xlfn.CONCAT(T25," ",U25) -> X TJKT 1 | T25: X | U25: TJKT 1 | V25: =VLOOKUP(P25,[1]Sheet1!$B$2:$E$393,2,FALSE) -> 0 | W25: =VLOOKUP(P25,[1]Sheet1!$B$2:$E$393,3,FALSE) -> 0 | X25: =VLOOKUP(P25,[1]Sheet1!$B$2:$E$393,4,FALSE) -> 0 | AB25: 13824 | AD25: Janur Akbar Hardjo Djatmiko | AE25: 652 | AF25: =VLOOKUP(AH25,'6'!$I$2:$J$33,2,FALSE) -> 23 | AG25: =VLOOKUP(AH25,'4'!$C$11:$F$33,2,FALSE) -> 11 | AH25: =_xlfn.CONCAT(AI25," ",AJ25) -> XI TJKT 1 | AI25: XI | AJ25: TJKT 1 | AK25: =VLOOKUP(AD25,[1]xi!$B$3:$E$208,2,FALSE) -> #N/A | AL25: =VLOOKUP(AD25,[1]xi!$B$3:$E$208,3,FALSE) -> #N/A | AM25: =VLOOKUP(AD25,[1]xi!$B$3:$E$208,4,FALSE) -> #N/A | AN25: PKL
A26: 24 | B26: 13515 | C26: '0087661551 | D26: Ridho Pratama Susilo Putra | E26: XII TKJ 1 | F26: 0 | G26: 0 | H26: 0 | I26: TKJ 1 | J26: 1 | M26: 287 | N26: 14185 | P26: Krisna Bintang Timur | Q26: =VLOOKUP(S26,'6'!$I$2:$J$33,2,FALSE) -> 10 | R26: =VLOOKUP(S26,'4'!$C$11:$F$33,2,FALSE) -> 10 | S26: =_xlfn.CONCAT(T26," ",U26) -> X TJKT 1 | T26: X | U26: TJKT 1 | V26: =VLOOKUP(P26,[1]Sheet1!$B$2:$E$393,2,FALSE) -> 0 | W26: =VLOOKUP(P26,[1]Sheet1!$B$2:$E$393,3,FALSE) -> 0 | X26: =VLOOKUP(P26,[1]Sheet1!$B$2:$E$393,4,FALSE) -> 0 | AB26: 13825 | AD26: Joceline John Beno | AE26: 653 | AF26: =VLOOKUP(AH26,'6'!$I$2:$J$33,2,FALSE) -> 23 | AG26: =VLOOKUP(AH26,'4'!$C$11:$F$33,2,FALSE) -> 11 | AH26: =_xlfn.CONCAT(AI26," ",AJ26) -> XI TJKT 1 | AI26: XI | AJ26: TJKT 1 | AK26: =VLOOKUP(AD26,[1]xi!$B$3:$E$208,2,FALSE) -> #N/A | AL26: =VLOOKUP(AD26,[1]xi!$B$3:$E$208,3,FALSE) -> #N/A | AM26: =VLOOKUP(AD26,[1]xi!$B$3:$E$208,4,FALSE) -> #N/A | AN26: PKL
A27: 25 | B27: 13516 | C27: '0081137593 | D27: Rifky Arham Fahruri | E27: XII TKJ 1 | F27: 0 | G27: 0 | H27: 0 | I27: TKJ 1 | J27: 1 | M27: 288 | N27: 14186 | P27: Kukuh Wicaksono | Q27: =VLOOKUP(S27,'6'!$I$2:$J$33,2,FALSE) -> 10 | R27: =VLOOKUP(S27,'4'!$C$11:$F$33,2,FALSE) -> 10 | S27: =_xlfn.CONCAT(T27," ",U27) -> X TJKT 1 | T27: X | U27: TJKT 1 | V27: =VLOOKUP(P27,[1]Sheet1!$B$2:$E$393,2,FALSE) -> 0 | W27: =VLOOKUP(P27,[1]Sheet1!$B$2:$E$393,3,FALSE) -> 0 | X27: =VLOOKUP(P27,[1]Sheet1!$B$2:$E$393,4,FALSE) -> 0 | AB27: 13926 | AD27: Wahyu Putra Rahmadan | AE27: 654 | AF27: =VLOOKUP(AH27,'6'!$I$2:$J$33,2,FALSE) -> 23 | AG27: =VLOOKUP(AH27,'4'!$C$11:$F$33,2,FALSE) -> 11 | AH27: =_xlfn.CONCAT(AI27," ",AJ27) -> XI TJKT 1 | AI27: XI | AJ27: TJKT 1 | AK27: =VLOOKUP(AD27,[1]xi!$B$3:$E$208,2,FALSE) -> #N/A | AL27: =VLOOKUP(AD27,[1]xi!$B$3:$E$208,3,FALSE) -> #N/A | AM27: =VLOOKUP(AD27,[1]xi!$B$3:$E$208,4,FALSE) -> #N/A | AN27: PKL
A28: 26 | B28: 13517 | C28: '0077613278 | D28: Rina Jesika Oktamevia | E28: XII TKJ 1 | F28: 0 | G28: 0 | H28: 1 | I28: TKJ 1 | J28: 1 | M28: 289 | N28: 14187 | P28: Labib Nur Alam Pranata | Q28: =VLOOKUP(S28,'6'!$I$2:$J$33,2,FALSE) -> 10 | R28: =VLOOKUP(S28,'4'!$C$11:$F$33,2,FALSE) -> 10 | S28: =_xlfn.CONCAT(T28," ",U28) -> X TJKT 1 | T28: X | U28: TJKT 1 | V28: =VLOOKUP(P28,[1]Sheet1!$B$2:$E$393,2,FALSE) -> 0 | W28: =VLOOKUP(P28,[1]Sheet1!$B$2:$E$393,3,FALSE) -> 0 | X28: =VLOOKUP(P28,[1]Sheet1!$B$2:$E$393,4,FALSE) -> 1 | AB28: 13927 | AD28: Ahmad Sultan Kurniawan | AE28: 655 | AF28: =VLOOKUP(AH28,'6'!$I$2:$J$33,2,FALSE) -> 24 | AG28: =VLOOKUP(AH28,'4'!$C$11:$F$33,2,FALSE) -> 13 | AH28: =_xlfn.CONCAT(AI28," ",AJ28) -> XI TJKT 2 | AI28: XI | AJ28: TJKT 2 | AK28: =VLOOKUP(AD28,[1]xi!$B$3:$E$208,2,FALSE) -> 0 | AL28: =VLOOKUP(AD28,[1]xi!$B$3:$E$208,3,FALSE) -> 0 | AM28: =VLOOKUP(AD28,[1]xi!$B$3:$E$208,4,FALSE) -> 0 | AN28: aktif
A29: 27 | B29: 13518 | C29: '0078622601 | D29: Riski Adi Pratama | E29: XII TKJ 1 | F29: 0 | G29: 0 | H29: 3 | I29: TKJ 1 | J29: 1 | M29: 290 | N29: 14188 | P29: Lutfan Putra Khoirul Anwar | Q29: =VLOOKUP(S29,'6'!$I$2:$J$33,2,FALSE) -> 10 | R29: =VLOOKUP(S29,'4'!$C$11:$F$33,2,FALSE) -> 10 | S29: =_xlfn.CONCAT(T29," ",U29) -> X TJKT 1 | T29: X | U29: TJKT 1 | V29: =VLOOKUP(P29,[1]Sheet1!$B$2:$E$393,2,FALSE) -> 1 | W29: =VLOOKUP(P29,[1]Sheet1!$B$2:$E$393,3,FALSE) -> 0 | X29: =VLOOKUP(P29,[1]Sheet1!$B$2:$E$393,4,FALSE) -> 2 | AB29: 13826 | AD29: Karim Ikhsan Rafiki | AE29: 656 | AF29: =VLOOKUP(AH29,'6'!$I$2:$J$33,2,FALSE) -> 24 | AG29: =VLOOKUP(AH29,'4'!$C$11:$F$33,2,FALSE) -> 13 | AH29: =_xlfn.CONCAT(AI29," ",AJ29) -> XI TJKT 2 | AI29: XI | AJ29: TJKT 2 | AK29: =VLOOKUP(AD29,[1]xi!$B$3:$E$208,2,FALSE) -> 0 | AL29: =VLOOKUP(AD29,[1]xi!$B$3:$E$208,3,FALSE) -> 0 | AM29: =VLOOKUP(AD29,[1]xi!$B$3:$E$208,4,FALSE) -> 0 | AN29: aktif
A30: 28 | B30: 13519 | C30: '0089648209 | D30: Roofid Alharits Bagaskara | E30: XII TKJ 1 | F30: 0 | G30: 0 | H30: 3 | I30: TKJ 1 | J30: 1 | M30: 291 | N30: 14189 | P30: Luthfi Khoirul Ain | Q30: =VLOOKUP(S30,'6'!$I$2:$J$33,2,FALSE) -> 10 | R30: =VLOOKUP(S30,'4'!$C$11:$F$33,2,FALSE) -> 10 | S30: =_xlfn.CONCAT(T30," ",U30) -> X TJKT 1 | T30: X | U30: TJKT 1 | V30: =VLOOKUP(P30,[1]Sheet1!$B$2:$E$393,2,FALSE) -> 0 | W30: =VLOOKUP(P30,[1]Sheet1!$B$2:$E$393,3,FALSE) -> 0 | X30: =VLOOKUP(P30,[1]Sheet1!$B$2:$E$393,4,FALSE) -> 0 | AB30: 13827 | AD30: Muhamad Ridho Alkhofi | AE30: 657 | AF30: =VLOOKUP(AH30,'6'!$I$2:$J$33,2,FALSE) -> 24 | AG30: =VLOOKUP(AH30,'4'!$C$11:$F$33,2,FALSE) -> 13 | AH30: =_xlfn.CONCAT(AI30," ",AJ30) -> XI TJKT 2 | AI30: XI | AJ30: TJKT 2 | AK30: =VLOOKUP(AD30,[1]xi!$B$3:$E$208,2,FALSE) -> 0 | AL30: =VLOOKUP(AD30,[1]xi!$B$3:$E$208,3,FALSE) -> 0 | AM30: =VLOOKUP(AD30,[1]xi!$B$3:$E$208,4,FALSE) -> 0 | AN30: aktif
A31: 29 | B31: 13520 | C31: '0087482330 | D31: Siti Solekah Dwi Jayanti | E31: XII TKJ 1 | F31: 0 | G31: 0 | H31: 0 | I31: TKJ 1 | J31: 1 | M31: 292 | N31: 14190 | P31: Lyra Aisyah Zahra | Q31: =VLOOKUP(S31,'6'!$I$2:$J$33,2,FALSE) -> 10 | R31: =VLOOKUP(S31,'4'!$C$11:$F$33,2,FALSE) -> 10 | S31: =_xlfn.CONCAT(T31," ",U31) -> X TJKT 1 | T31: X | U31: TJKT 1 | V31: =VLOOKUP(P31,[1]Sheet1!$B$2:$E$393,2,FALSE) -> 1 | W31: =VLOOKUP(P31,[1]Sheet1!$B$2:$E$393,3,FALSE) -> 0 | X31: =VLOOKUP(P31,[1]Sheet1!$B$2:$E$393,4,FALSE) -> 0 | AB31: 13828 | AD31: Muhammad Ananda Akbar Fatkhurrozi | AE31: 658 | AF31: =VLOOKUP(AH31,'6'!$I$2:$J$33,2,FALSE) -> 24 | AG31: =VLOOKUP(AH31,'4'!$C$11:$F$33,2,FALSE) -> 13 | AH31: =_xlfn.CONCAT(AI31," ",AJ31) -> XI TJKT 2 | AI31: XI | AJ31: TJKT 2 | AK31: =VLOOKUP(AD31,[1]xi!$B$3:$E$208,2,FALSE) -> 0 | AL31: =VLOOKUP(AD31,[1]xi!$B$3:$E$208,3,FALSE) -> 0 | AM31: =VLOOKUP(AD31,[1]xi!$B$3:$E$208,4,FALSE) -> 2 | AN31: aktif
A32: 30 | B32: 13521 | C32: '0079675538 | D32: Umar Abdul Azis | E32: XII TKJ 1 | F32: 0 | G32: 0 | H32: 3 | I32: TKJ 1 | J32: 1 | M32: 293 | N32: 14191 | P32: Ma'ruf Vicky Aldiano Rahman | Q32: =VLOOKUP(S32,'6'!$I$2:$J$33,2,FALSE) -> 10 | R32: =VLOOKUP(S32,'4'!$C$11:$F$33,2,FALSE) -> 10 | S32: =_xlfn.CONCAT(T32," ",U32) -> X TJKT 1 | T32: X | U32: TJKT 1 | V32: =VLOOKUP(P32,[1]Sheet1!$B$2:$E$393,2,FALSE) -> 0 | W32: =VLOOKUP(P32,[1]Sheet1!$B$2:$E$393,3,FALSE) -> 0 | X32: =VLOOKUP(P32,[1]Sheet1!$B$2:$E$393,4,FALSE) -> 1 | AB32: 13829 | AD32: Muhammad Arifin | AE32: 659 | AF32: =VLOOKUP(AH32,'6'!$I$2:$J$33,2,FALSE) -> 24 | AG32: =VLOOKUP(AH32,'4'!$C$11:$F$33,2,FALSE) -> 13 | AH32: =_xlfn.CONCAT(AI32," ",AJ32) -> XI TJKT 2 | AI32: XI | AJ32: TJKT 2 | AK32: =VLOOKUP(AD32,[1]xi!$B$3:$E$208,2,FALSE) -> 0 | AL32: =VLOOKUP(AD32,[1]xi!$B$3:$E$208,3,FALSE) -> 0 | AM32: =VLOOKUP(AD32,[1]xi!$B$3:$E$208,4,FALSE) -> 0 | AN32: aktif
A33: 31 | B33: 13522 | C33: '0081462916 | D33: Wanda Nur Aini | E33: XII TKJ 1 | F33: 0 | G33: 0 | H33: 0 | I33: TKJ 1 | J33: 1 | M33: 294 | N33: 14192 | P33: Mirdawati Khoirunisa | Q33: =VLOOKUP(S33,'6'!$I$2:$J$33,2,FALSE) -> 11 | R33: =VLOOKUP(S33,'4'!$C$11:$F$33,2,FALSE) -> 12 | S33: =_xlfn.CONCAT(T33," ",U33) -> X TJKT 2 | T33: X | U33: TJKT 2 | V33: =VLOOKUP(P33,[1]Sheet1!$B$2:$E$393,2,FALSE) -> 0 | W33: =VLOOKUP(P33,[1]Sheet1!$B$2:$E$393,3,FALSE) -> 0 | X33: =VLOOKUP(P33,[1]Sheet1!$B$2:$E$393,4,FALSE) -> 0 | AB33: 13831 | AD33: Muhammad Fikri Sabiluddin | AE33: 660 | AF33: =VLOOKUP(AH33,'6'!$I$2:$J$33,2,FALSE) -> 24 | AG33: =VLOOKUP(AH33,'4'!$C$11:$F$33,2,FALSE) -> 13 | AH33: =_xlfn.CONCAT(AI33," ",AJ33) -> XI TJKT 2 | AI33: XI | AJ33: TJKT 2 | AK33: =VLOOKUP(AD33,[1]xi!$B$3:$E$208,2,FALSE) -> 0 | AL33: =VLOOKUP(AD33,[1]xi!$B$3:$E$208,3,FALSE) -> 0 | AM33: =VLOOKUP(AD33,[1]xi!$B$3:$E$208,4,FALSE) -> 0 | AN33: aktif
... A58: 56 | B58: 13324 | C58: '0084622039 | D58: Fauzan Galih Saputra | E58: XII TOI 1 | F58: 0 | G58: 0 | H58: 0 | I58: TOI 1 | J58: 2 | M58: 319 | N58: 14217 | P58: Sinu Bambang Muhlasin | Q58: =VLOOKUP(S58,'6'!$I$2:$J$33,2,FALSE) -> 11 | R58: =VLOOKUP(S58,'4'!$C$11:$F$33,2,FALSE) -> 12 | S58: =_xlfn.CONCAT(T58," ",U58) -> X TJKT 2 | T58: X | U58: TJKT 2 | V58: =VLOOKUP(P58,[1]Sheet1!$B$2:$E$393,2,FALSE) -> 0 | W58: =VLOOKUP(P58,[1]Sheet1!$B$2:$E$393,3,FALSE) -> 0 | X58: =VLOOKUP(P58,[1]Sheet1!$B$2:$E$393,4,FALSE) -> 0 | AB58: 13605 | AD58: Aroqyan Azis Khoirul Misbah | AE58: 685 | AF58: =VLOOKUP(AH58,'6'!$I$2:$J$33,2,FALSE) -> 25 | AG58: =VLOOKUP(AH58,'4'!$C$11:$F$33,2,FALSE) -> 15 | AH58: =_xlfn.CONCAT(AI58," ",AJ58) -> XI TOI 1 | AI58: XI | AJ58: TOI 1 | AK58: =VLOOKUP(AD58,[1]xi!$B$3:$E$208,2,FALSE) -> #N/A | AL58: =VLOOKUP(AD58,[1]xi!$B$3:$E$208,3,FALSE) -> #N/A | AM58: =VLOOKUP(AD58,[1]xi!$B$3:$E$208,4,FALSE) -> #N/A | AN58: PKL
A59: 57 | B59: 13325 | C59: 3081462954 | D59: Fauzi Danar Ramadhani | E59: XII TOI 2 | F59: 0 | G59: 0 | H59: 1 | I59: TOI 2 | J59: 3 | M59: 320 | N59: 14218 | P59: Virginnia Dodi Suyoto | Q59: =VLOOKUP(S59,'6'!$I$2:$J$33,2,FALSE) -> 11 | R59: =VLOOKUP(S59,'4'!$C$11:$F$33,2,FALSE) -> 12 | S59: =_xlfn.CONCAT(T59," ",U59) -> X TJKT 2 | T59: X | U59: TJKT 2 | V59: =VLOOKUP(P59,[1]Sheet1!$B$2:$E$393,2,FALSE) -> 0 | W59: =VLOOKUP(P59,[1]Sheet1!$B$2:$E$393,3,FALSE) -> 0 | X59: =VLOOKUP(P59,[1]Sheet1!$B$2:$E$393,4,FALSE) -> 0 | AB59: 13606 | AD59: Azwanirham Fahriza | AE59: 686 | AF59: =VLOOKUP(AH59,'6'!$I$2:$J$33,2,FALSE) -> 25 | AG59: =VLOOKUP(AH59,'4'!$C$11:$F$33,2,FALSE) -> 15 | AH59: =_xlfn.CONCAT(AI59," ",AJ59) -> XI TOI 1 | AI59: XI | AJ59: TOI 1 | AK59: =VLOOKUP(AD59,[1]xi!$B$3:$E$208,2,FALSE) -> #N/A | AL59: =VLOOKUP(AD59,[1]xi!$B$3:$E$208,3,FALSE) -> #N/A | AM59: =VLOOKUP(AD59,[1]xi!$B$3:$E$208,4,FALSE) -> #N/A | AN59: PKL
A60: 58 | B60: 13327 | C60: '0072550548 | D60: Gumilar Andyka Prassetyo | E60: XII TOI 2 | F60: 0 | G60: 0 | H60: 3 | I60: TOI 2 | J60: 3 | M60: 321 | N60: 14219 | P60: Wahyu Febri Pratama | Q60: =VLOOKUP(S60,'6'!$I$2:$J$33,2,FALSE) -> 11 | R60: =VLOOKUP(S60,'4'!$C$11:$F$33,2,FALSE) -> 12 | S60: =_xlfn.CONCAT(T60," ",U60) -> X TJKT 2 | T60: X | U60: TJKT 2 | V60: =VLOOKUP(P60,[1]Sheet1!$B$2:$E$393,2,FALSE) -> 0 | W60: =VLOOKUP(P60,[1]Sheet1!$B$2:$E$393,3,FALSE) -> 0 | X60: =VLOOKUP(P60,[1]Sheet1!$B$2:$E$393,4,FALSE) -> 0 | AB60: 13607 | AD60: Cenata Arya Fizziansyah | AE60: 687 | AF60: =VLOOKUP(AH60,'6'!$I$2:$J$33,2,FALSE) -> 25 | AG60: =VLOOKUP(AH60,'4'!$C$11:$F$33,2,FALSE) -> 15 | AH60: =_xlfn.CONCAT(AI60," ",AJ60) -> XI TOI 1 | AI60: XI | AJ60: TOI 1 | AK60: =VLOOKUP(AD60,[1]xi!$B$3:$E$208,2,FALSE) -> #N/A | AL60: =VLOOKUP(AD60,[1]xi!$B$3:$E$208,3,FALSE) -> #N/A | AM60: =VLOOKUP(AD60,[1]xi!$B$3:$E$208,4,FALSE) -> #N/A | AN60: PKL
A61: 59 | B61: 13328 | C61: '3076921697 | D61: Ichtiar Agiel Putra Abi Cahya | E61: XII TOI 2 | F61: 0 | G61: 0 | H61: 3 | I61: TOI 2 | J61: 3 | M61: 322 | N61: 14220 | P61: Zahro Shidiq Barokatin | Q61: =VLOOKUP(S61,'6'!$I$2:$J$33,2,FALSE) -> 11 | R61: =VLOOKUP(S61,'4'!$C$11:$F$33,2,FALSE) -> 12 | S61: =_xlfn.CONCAT(T61," ",U61) -> X TJKT 2 | T61: X | U61: TJKT 2 | V61: =VLOOKUP(P61,[1]Sheet1!$B$2:$E$393,2,FALSE) -> 0 | W61: =VLOOKUP(P61,[1]Sheet1!$B$2:$E$393,3,FALSE) -> 0 | X61: =VLOOKUP(P61,[1]Sheet1!$B$2:$E$393,4,FALSE) -> 0 | AB61: 13608 | AD61: Daffa Khoirul Annas | AE61: 688 | AF61: =VLOOKUP(AH61,'6'!$I$2:$J$33,2,FALSE) -> 25 | AG61: =VLOOKUP(AH61,'4'!$C$11:$F$33,2,FALSE) -> 15 | AH61: =_xlfn.CONCAT(AI61," ",AJ61) -> XI TOI 1 | AI61: XI | AJ61: TOI 1 | AK61: =VLOOKUP(AD61,[1]xi!$B$3:$E$208,2,FALSE) -> #N/A | AL61: =VLOOKUP(AD61,[1]xi!$B$3:$E$208,3,FALSE) -> #N/A | AM61: =VLOOKUP(AD61,[1]xi!$B$3:$E$208,4,FALSE) -> #N/A | AN61: PKL
A62: 60 | B62: 13329 | C62: '0072531718 | D62: Ihksan Nur Alamsyah | E62: XII TOI 2 | F62: 0 | G62: 0 | H62: 3 | I62: TOI 2 | J62: 3 | M62: 323 | N62: 14221 | P62: Zahrotus Syifa Nur Maharani | Q62: =VLOOKUP(S62,'6'!$I$2:$J$33,2,FALSE) -> 11 | R62: =VLOOKUP(S62,'4'!$C$11:$F$33,2,FALSE) -> 12 | S62: =_xlfn.CONCAT(T62," ",U62) -> X TJKT 2 | T62: X | U62: TJKT 2 | V62: =VLOOKUP(P62,[1]Sheet1!$B$2:$E$393,2,FALSE) -> 0 | W62: =VLOOKUP(P62,[1]Sheet1!$B$2:$E$393,3,FALSE) -> 0 | X62: =VLOOKUP(P62,[1]Sheet1!$B$2:$E$393,4,FALSE) -> 0 | AB62: 13609 | AD62: Damar Novel Eka Prahuda | AE62: 689 | AF62: =VLOOKUP(AH62,'6'!$I$2:$J$33,2,FALSE) -> 25 | AG62: =VLOOKUP(AH62,'4'!$C$11:$F$33,2,FALSE) -> 15 | AH62: =_xlfn.CONCAT(AI62," ",AJ62) -> XI TOI 1 | AI62: XI | AJ62: TOI 1 | AK62: =VLOOKUP(AD62,[1]xi!$B$3:$E$208,2,FALSE) -> #N/A | AL62: =VLOOKUP(AD62,[1]xi!$B$3:$E$208,3,FALSE) -> #N/A | AM62: =VLOOKUP(AD62,[1]xi!$B$3:$E$208,4,FALSE) -> #N/A | AN62: PKL
A63: 61 | B63: 13330 | C63: '0083189826 | D63: Kessa Dwi Wulandari | E63: XII TOI 2 | F63: 0 | G63: 0 | H63: 0 | I63: TOI 2 | J63: 3 | M63: 324 | N63: 13930 | P63: Abrizam Muhammad Shobirin | Q63: =VLOOKUP(S63,'6'!$I$2:$J$33,2,FALSE) -> 12 | R63: =VLOOKUP(S63,'4'!$C$11:$F$33,2,FALSE) -> 14 | S63: =_xlfn.CONCAT(T63," ",U63) -> X TOI 1 | T63: X | U63: TOI 1 | V63: =VLOOKUP(P63,[1]Sheet1!$B$2:$E$393,2,FALSE) -> 0 | W63: =VLOOKUP(P63,[1]Sheet1!$B$2:$E$393,3,FALSE) -> 1 | X63: =VLOOKUP(P63,[1]Sheet1!$B$2:$E$393,4,FALSE) -> 0 | AB63: 13610 | AD63: Dandi Wira Pratama | AE63: 690 | AF63: =VLOOKUP(AH63,'6'!$I$2:$J$33,2,FALSE) -> 25 | AG63: =VLOOKUP(AH63,'4'!$C$11:$F$33,2,FALSE) -> 15 | AH63: =_xlfn.CONCAT(AI63," ",AJ63) -> XI TOI 1 | AI63: XI | AJ63: TOI 1 | AK63: =VLOOKUP(AD63,[1]xi!$B$3:$E$208,2,FALSE) -> #N/A | AL63: =VLOOKUP(AD63,[1]xi!$B$3:$E$208,3,FALSE) -> #N/A | AM63: =VLOOKUP(AD63,[1]xi!$B$3:$E$208,4,FALSE) -> #N/A | AN63: PKL
A64: 62 | B64: 13331 | C64: '0074544176 | D64: Latif Nurdiansyah | E64: XII TOI 2 | F64: 0 | G64: 0 | H64: 0 | I64: TOI 2 | J64: 3 | M64: 325 | N64: 13931 | P64: Afifi Nour Choirunnisa | Q64: =VLOOKUP(S64,'6'!$I$2:$J$33,2,FALSE) -> 12 | R64: =VLOOKUP(S64,'4'!$C$11:$F$33,2,FALSE) -> 14 | S64: =_xlfn.CONCAT(T64," ",U64) -> X TOI 1 | T64: X | U64: TOI 1 | V64: =VLOOKUP(P64,[1]Sheet1!$B$2:$E$393,2,FALSE) -> 1 | W64: =VLOOKUP(P64,[1]Sheet1!$B$2:$E$393,3,FALSE) -> 0 | X64: =VLOOKUP(P64,[1]Sheet1!$B$2:$E$393,4,FALSE) -> 0 | AB64: 13611 | AD64: Davit Alif Prasetyo | AE64: 691 | AF64: =VLOOKUP(AH64,'6'!$I$2:$J$33,2,FALSE) -> 25 | AG64: =VLOOKUP(AH64,'4'!$C$11:$F$33,2,FALSE) -> 15 | AH64: =_xlfn.CONCAT(AI64," ",AJ64) -> XI TOI 1 | AI64: XI | AJ64: TOI 1 | AK64: =VLOOKUP(AD64,[1]xi!$B$3:$E$208,2,FALSE) -> #N/A | AL64: =VLOOKUP(AD64,[1]xi!$B$3:$E$208,3,FALSE) -> #N/A | AM64: =VLOOKUP(AD64,[1]xi!$B$3:$E$208,4,FALSE) -> #N/A | AN64: PKL
A65: 63 | B65: 13332 | C65: '0074408934 | D65: Mas`ud Tamir Taqiyuddin | E65: XII TOI 2 | F65: 0 | G65: 1 | H65: 2 | I65: TOI 2 | J65: 3 | M65: 326 | N65: 13932 | P65: Afifudin Fakadis | Q65: =VLOOKUP(S65,'6'!$I$2:$J$33,2,FALSE) -> 12 | R65: =VLOOKUP(S65,'4'!$C$11:$F$33,2,FALSE) -> 14 | S65: =_xlfn.CONCAT(T65," ",U65) -> X TOI 1 | T65: X | U65: TOI 1 | V65: =VLOOKUP(P65,[1]Sheet1!$B$2:$E$393,2,FALSE) -> 0 | W65: =VLOOKUP(P65,[1]Sheet1!$B$2:$E$393,3,FALSE) -> 0 | X65: =VLOOKUP(P65,[1]Sheet1!$B$2:$E$393,4,FALSE) -> 0 | AB65: 13613 | AD65: Denisa Nur Fitriana | AE65: 692 | AF65: =VLOOKUP(AH65,'6'!$I$2:$J$33,2,FALSE) -> 25 | AG65: =VLOOKUP(AH65,'4'!$C$11:$F$33,2,FALSE) -> 15 | AH65: =_xlfn.CONCAT(AI65," ",AJ65) -> XI TOI 1 | AI65: XI | AJ65: TOI 1 | AK65: =VLOOKUP(AD65,[1]xi!$B$3:$E$208,2,FALSE) -> #N/A | AL65: =VLOOKUP(AD65,[1]xi!$B$3:$E$208,3,FALSE) -> #N/A | AM65: =VLOOKUP(AD65,[1]xi!$B$3:$E$208,4,FALSE) -> #N/A | AN65: PKL
A66: 64 | B66: 13333 | C66: '0084110617 | D66: Maximilianus Gregorian Emanuel Desmonda | E66: XII TOI 2 | F66: 0 | G66: 0 | H66: 0 | I66: TOI 2 | J66: 3 | M66: 327 | N66: 13933 | P66: Ahmad Abdul Kharis Wijaya | Q66: =VLOOKUP(S66,'6'!$I$2:$J$33,2,FALSE) -> 12 | R66: =VLOOKUP(S66,'4'!$C$11:$F$33,2,FALSE) -> 14 | S66: =_xlfn.CONCAT(T66," ",U66) -> X TOI 1 | T66: X | U66: TOI 1 | V66: =VLOOKUP(P66,[1]Sheet1!$B$2:$E$393,2,FALSE) -> 0 | W66: =VLOOKUP(P66,[1]Sheet1!$B$2:$E$393,3,FALSE) -> 1 | X66: =VLOOKUP(P66,[1]Sheet1!$B$2:$E$393,4,FALSE) -> 1 | AB66: 13614 | AD66: Endgrix Lion Meipin | AE66: 693 | AF66: =VLOOKUP(AH66,'6'!$I$2:$J$33,2,FALSE) -> 25 | AG66: =VLOOKUP(AH66,'4'!$C$11:$F$33,2,FALSE) -> 15 | AH66: =_xlfn.CONCAT(AI66," ",AJ66) -> XI TOI 1 | AI66: XI | AJ66: TOI 1 | AK66: =VLOOKUP(AD66,[1]xi!$B$3:$E$208,2,FALSE) -> #N/A | AL66: =VLOOKUP(AD66,[1]xi!$B$3:$E$208,3,FALSE) -> #N/A | AM66: =VLOOKUP(AD66,[1]xi!$B$3:$E$208,4,FALSE) -> #N/A | AN66: PKL
A67: 65 | B67: 13334 | C67: '0088000108 | D67: Muhammad Fauzi | E67: XII TOI 2 | F67: 0 | G67: 0 | H67: 1 | I67: TOI 2 | J67: 3 | M67: 328 | N67: 13934 | P67: Ahmad Fadillah Firjatullah | Q67: =VLOOKUP(S67,'6'!$I$2:$J$33,2,FALSE) -> 12 | R67: =VLOOKUP(S67,'4'!$C$11:$F$33,2,FALSE) -> 14 | S67: =_xlfn.CONCAT(T67," ",U67) -> X TOI 1 | T67: X | U67: TOI 1 | V67: =VLOOKUP(P67,[1]Sheet1!$B$2:$E$393,2,FALSE) -> 0 | W67: =VLOOKUP(P67,[1]Sheet1!$B$2:$E$393,3,FALSE) -> 0 | X67: =VLOOKUP(P67,[1]Sheet1!$B$2:$E$393,4,FALSE) -> 0 | AB67: 13615 | AD67: Evan Fadilah | AE67: 694 | AF67: =VLOOKUP(AH67,'6'!$I$2:$J$33,2,FALSE) -> 25 | AG67: =VLOOKUP(AH67,'4'!$C$11:$F$33,2,FALSE) -> 15 | AH67: =_xlfn.CONCAT(AI67," ",AJ67) -> XI TOI 1 | AI67: XI | AJ67: TOI 1 | AK67: =VLOOKUP(AD67,[1]xi!$B$3:$E$208,2,FALSE) -> #N/A | AL67: =VLOOKUP(AD67,[1]xi!$B$3:$E$208,3,FALSE) -> #N/A | AM67: =VLOOKUP(AD67,[1]xi!$B$3:$E$208,4,FALSE) -> #N/A | AN67: PKL
A68: 66 | B68: 13335 | C68: '0089139917 | D68: Muhammad Hafid Faizudin | E68: XII TOI 2 | F68: 0 | G68: 0 | H68: 0 | I68: TOI 2 | J68: 3 | M68: 329 | N68: 13935 | P68: Akbar Nur Saifulloh | Q68: =VLOOKUP(S68,'6'!$I$2:$J$33,2,FALSE) -> 12 | R68: =VLOOKUP(S68,'4'!$C$11:$F$33,2,FALSE) -> 14 | S68: =_xlfn.CONCAT(T68," ",U68) -> X TOI 1 | T68: X | U68: TOI 1 | V68: =VLOOKUP(P68,[1]Sheet1!$B$2:$E$393,2,FALSE) -> 0 | W68: =VLOOKUP(P68,[1]Sheet1!$B$2:$E$393,3,FALSE) -> 0 | X68: =VLOOKUP(P68,[1]Sheet1!$B$2:$E$393,4,FALSE) -> 0 | AB68: 13616 | AD68: Fachrudin Ahmad Haidar | AE68: 695 | AF68: =VLOOKUP(AH68,'6'!$I$2:$J$33,2,FALSE) -> 25 | AG68: =VLOOKUP(AH68,'4'!$C$11:$F$33,2,FALSE) -> 15 | AH68: =_xlfn.CONCAT(AI68," ",AJ68) -> XI TOI 1 | AI68: XI | AJ68: TOI 1 | AK68: =VLOOKUP(AD68,[1]xi!$B$3:$E$208,2,FALSE) -> #N/A | AL68: =VLOOKUP(AD68,[1]xi!$B$3:$E$208,3,FALSE) -> #N/A | AM68: =VLOOKUP(AD68,[1]xi!$B$3:$E$208,4,FALSE) -> #N/A | AN68: PKL
A69: 67 | B69: 13592 | C69: '0091346921 | D69: Muhammad Rangga Aditya Pratama | E69: XII TOI 2 | F69: 0 | G69: 0 | H69: 0 | I69: TOI 2 | J69: 3 | M69: 330 | N69: 13936 | P69: Aldi Sebastian Saputra | Q69: =VLOOKUP(S69,'6'!$I$2:$J$33,2,FALSE) -> 12 | R69: =VLOOKUP(S69,'4'!$C$11:$F$33,2,FALSE) -> 14 | S69: =_xlfn.CONCAT(T69," ",U69) -> X TOI 1 | T69: X | U69: TOI 1 | V69: =VLOOKUP(P69,[1]Sheet1!$B$2:$E$393,2,FALSE) -> 1 | W69: =VLOOKUP(P69,[1]Sheet1!$B$2:$E$393,3,FALSE) -> 0 | X69: =VLOOKUP(P69,[1]Sheet1!$B$2:$E$393,4,FALSE) -> 0 | AB69: 13617 | AD69: Faiz Abiyyu Dzaki Raditiya Zaib | AE69: 696 | AF69: =VLOOKUP(AH69,'6'!$I$2:$J$33,2,FALSE) -> 25 | AG69: =VLOOKUP(AH69,'4'!$C$11:$F$33,2,FALSE) -> 15 | AH69: =_xlfn.CONCAT(AI69," ",AJ69) -> XI TOI 1 | AI69: XI | AJ69: TOI 1 | AK69: =VLOOKUP(AD69,[1]xi!$B$3:$E$208,2,FALSE) -> #N/A | AL69: =VLOOKUP(AD69,[1]xi!$B$3:$E$208,3,FALSE) -> #N/A | AM69: =VLOOKUP(AD69,[1]xi!$B$3:$E$208,4,FALSE) -> #N/A | AN69: PKL
A70: 68 | B70: 13336 | C70: '0087538779 | D70: Nabilah Fatmawati | E70: XII TOI 2 | F70: 0 | G70: 0 | H70: 0 | I70: TOI 2 | J70: 3 | M70: 331 | N70: 13937 | P70: Alisa Amanta Graha | Q70: =VLOOKUP(S70,'6'!$I$2:$J$33,2,FALSE) -> 12 | R70: =VLOOKUP(S70,'4'!$C$11:$F$33,2,FALSE) -> 14 | S70: =_xlfn.CONCAT(T70," ",U70) -> X TOI 1 | T70: X | U70: TOI 1 | V70: =VLOOKUP(P70,[1]Sheet1!$B$2:$E$393,2,FALSE) -> 0 | W70: =VLOOKUP(P70,[1]Sheet1!$B$2:$E$393,3,FALSE) -> 0 | X70: =VLOOKUP(P70,[1]Sheet1!$B$2:$E$393,4,FALSE) -> 0 | AB70: 13618 | AD70: Fakhri Syahrul Ramadhanu | AE70: 697 | AF70: =VLOOKUP(AH70,'6'!$I$2:$J$33,2,FALSE) -> 25 | AG70: =VLOOKUP(AH70,'4'!$C$11:$F$33,2,FALSE) -> 15 | AH70: =_xlfn.CONCAT(AI70," ",AJ70) -> XI TOI 1 | AI70: XI | AJ70: TOI 1 | AK70: =VLOOKUP(AD70,[1]xi!$B$3:$E$208,2,FALSE) -> #N/A | AL70: =VLOOKUP(AD70,[1]xi!$B$3:$E$208,3,FALSE) -> #N/A | AM70: =VLOOKUP(AD70,[1]xi!$B$3:$E$208,4,FALSE) -> #N/A | AN70: PKL
A71: 69 | B71: 13337 | C71: 308687653 | D71: Naufal Falih Ubaidillah | E71: XII TOI 2 | F71: 0 | G71: 1 | H71: 1 | I71: TOI 2 | J71: 3 | M71: 332 | N71: 13938 | P71: Alvin Putra Wardana | Q71: =VLOOKUP(S71,'6'!$I$2:$J$33,2,FALSE) -> 12 | R71: =VLOOKUP(S71,'4'!$C$11:$F$33,2,FALSE) -> 14 | S71: =_xlfn.CONCAT(T71," ",U71) -> X TOI 1 | T71: X | U71: TOI 1 | V71: =VLOOKUP(P71,[1]Sheet1!$B$2:$E$393,2,FALSE) -> 0 | W71: =VLOOKUP(P71,[1]Sheet1!$B$2:$E$393,3,FALSE) -> 0 | X71: =VLOOKUP(P71,[1]Sheet1!$B$2:$E$393,4,FALSE) -> 0 | AB71: 13619 | AD71: Fathur Nugroho | AE71: 698 | AF71: =VLOOKUP(AH71,'6'!$I$2:$J$33,2,FALSE) -> 25 | AG71: =VLOOKUP(AH71,'4'!$C$11:$F$33,2,FALSE) -> 15 | AH71: =_xlfn.CONCAT(AI71," ",AJ71) -> XI TOI 1 | AI71: XI | AJ71: TOI 1 | AK71: =VLOOKUP(AD71,[1]xi!$B$3:$E$208,2,FALSE) -> #N/A | AL71: =VLOOKUP(AD71,[1]xi!$B$3:$E$208,3,FALSE) -> #N/A | AM71: =VLOOKUP(AD71,[1]xi!$B$3:$E$208,4,FALSE) -> #N/A | AN71: PKL
A72: 70 | B72: 13338 | C72: '0061256266 | D72: Niko Adi Saputra | E72: XII TOI 2 | F72: 0 | G72: 0 | H72: 2 | I72: TOI 2 | J72: 3 | M72: 333 | N72: 13939 | P72: Alvino Chandra Putra Pratama | Q72: =VLOOKUP(S72,'6'!$I$2:$J$33,2,FALSE) -> 12 | R72: =VLOOKUP(S72,'4'!$C$11:$F$33,2,FALSE) -> 14 | S72: =_xlfn.CONCAT(T72," ",U72) -> X TOI 1 | T72: X | U72: TOI 1 | V72: =VLOOKUP(P72,[1]Sheet1!$B$2:$E$393,2,FALSE) -> 0 | W72: =VLOOKUP(P72,[1]Sheet1!$B$2:$E$393,3,FALSE) -> 0 | X72: =VLOOKUP(P72,[1]Sheet1!$B$2:$E$393,4,FALSE) -> 0 | AB72: 13620 | AD72: Fiba Granza Ahriansyah | AE72: 699 | AF72: =VLOOKUP(AH72,'6'!$I$2:$J$33,2,FALSE) -> 25 | AG72: =VLOOKUP(AH72,'4'!$C$11:$F$33,2,FALSE) -> 15 | AH72: =_xlfn.CONCAT(AI72," ",AJ72) -> XI TOI 1 | AI72: XI | AJ72: TOI 1 | AK72: =VLOOKUP(AD72,[1]xi!$B$3:$E$208,2,FALSE) -> #N/A | AL72: =VLOOKUP(AD72,[1]xi!$B$3:$E$208,3,FALSE) -> #N/A | AM72: =VLOOKUP(AD72,[1]xi!$B$3:$E$208,4,FALSE) -> #N/A | AN72: PKL
A73: 71 | B73: 13339 | C73: '0077786038 | D73: Nur Falah Subadyo Putra | E73: XII TOI 2 | F73: 0 | G73: 0 | H73: 2 | I73: TOI 2 | J73: 3 | M73: 334 | N73: 13940 | P73: Anisa Putri Nur Rohmah | Q73: =VLOOKUP(S73,'6'!$I$2:$J$33,2,FALSE) -> 12 | R73: =VLOOKUP(S73,'4'!$C$11:$F$33,2,FALSE) -> 14 | S73: =_xlfn.CONCAT(T73," ",U73) -> X TOI 1 | T73: X | U73: TOI 1 | V73: =VLOOKUP(P73,[1]Sheet1!$B$2:$E$393,2,FALSE) -> 2 | W73: =VLOOKUP(P73,[1]Sheet1!$B$2:$E$393,3,FALSE) -> 0 | X73: =VLOOKUP(P73,[1]Sheet1!$B$2:$E$393,4,FALSE) -> 0 | AB73: 13621 | AD73: Gilang Akbar Kurniawan | AE73: 700 | AF73: =VLOOKUP(AH73,'6'!$I$2:$J$33,2,FALSE) -> 25 | AG73: =VLOOKUP(AH73,'4'!$C$11:$F$33,2,FALSE) -> 15 | AH73: =_xlfn.CONCAT(AI73," ",AJ73) -> XI TOI 1 | AI73: XI | AJ73: TOI 1 | AK73: =VLOOKUP(AD73,[1]xi!$B$3:$E$208,2,FALSE) -> #N/A | AL73: =VLOOKUP(AD73,[1]xi!$B$3:$E$208,3,FALSE) -> #N/A | AM73: =VLOOKUP(AD73,[1]xi!$B$3:$E$208,4,FALSE) -> #N/A | AN73: PKL
A74: 72 | B74: 13340 | C74: '0086215840 | D74: Prastisena Daffa Pandita | E74: XII TOI 2 | F74: 0 | G74: 0 | H74: 3 | I74: TOI 2 | J74: 3 | M74: 335 | N74: 13941 | P74: Annas Danu Artha | Q74: =VLOOKUP(S74,'6'!$I$2:$J$33,2,FALSE) -> 12 | R74: =VLOOKUP(S74,'4'!$C$11:$F$33,2,FALSE) -> 14 | S74: =_xlfn.CONCAT(T74," ",U74) -> X TOI 1 | T74: X | U74: TOI 1 | V74: =VLOOKUP(P74,[1]Sheet1!$B$2:$E$393,2,FALSE) -> 0 | W74: =VLOOKUP(P74,[1]Sheet1!$B$2:$E$393,3,FALSE) -> 0 | X74: =VLOOKUP(P74,[1]Sheet1!$B$2:$E$393,4,FALSE) -> 0 | AB74: 13622 | AD74: Hana Ifarel Putra Yohatna | AE74: 701 | AF74: =VLOOKUP(AH74,'6'!$I$2:$J$33,2,FALSE) -> 25 | AG74: =VLOOKUP(AH74,'4'!$C$11:$F$33,2,FALSE) -> 15 | AH74: =_xlfn.CONCAT(AI74," ",AJ74) -> XI TOI 1 | AI74: XI | AJ74: TOI 1 | AK74: =VLOOKUP(AD74,[1]xi!$B$3:$E$208,2,FALSE) -> #N/A | AL74: =VLOOKUP(AD74,[1]xi!$B$3:$E$208,3,FALSE) -> #N/A | AM74: =VLOOKUP(AD74,[1]xi!$B$3:$E$208,4,FALSE) -> #N/A | AN74: PKL
A75: 73 | B75: 13341 | C75: '0084544570 | D75: Raihan Rityo Wibowo | E75: XII TOI 2 | F75: 0 | G75: 1 | H75: 0 | I75: TOI 2 | J75: 3 | M75: 336 | N75: 13942 | P75: Ardhan Rahmadani | Q75: =VLOOKUP(S75,'6'!$I$2:$J$33,2,FALSE) -> 12 | R75: =VLOOKUP(S75,'4'!$C$11:$F$33,2,FALSE) -> 14 | S75: =_xlfn.CONCAT(T75," ",U75) -> X TOI 1 | T75: X | U75: TOI 1 | V75: =VLOOKUP(P75,[1]Sheet1!$B$2:$E$393,2,FALSE) -> 0 | W75: =VLOOKUP(P75,[1]Sheet1!$B$2:$E$393,3,FALSE) -> 0 | X75: =VLOOKUP(P75,[1]Sheet1!$B$2:$E$393,4,FALSE) -> 0 | AB75: 13623 | AD75: Hendrik Dwi Nur Pratama | AE75: 702 | AF75: =VLOOKUP(AH75,'6'!$I$2:$J$33,2,FALSE) -> 25 | AG75: =VLOOKUP(AH75,'4'!$C$11:$F$33,2,FALSE) -> 15 | AH75: =_xlfn.CONCAT(AI75," ",AJ75) -> XI TOI 1 | AI75: XI | AJ75: TOI 1 | AK75: =VLOOKUP(AD75,[1]xi!$B$3:$E$208,2,FALSE) -> #N/A | AL75: =VLOOKUP(AD75,[1]xi!$B$3:$E$208,3,FALSE) -> #N/A | AM75: =VLOOKUP(AD75,[1]xi!$B$3:$E$208,4,FALSE) -> #N/A | AN75: PKL
A76: 74 | B76: 13342 | C76: '0085467607 | D76: Raleka Nabil Reinaldi | E76: XII TOI 2 | F76: 0 | G76: 0 | H76: 2 | I76: TOI 2 | J76: 3 | M76: 337 | N76: 13943 | P76: Arya Rizki Meiwahdani | Q76: =VLOOKUP(S76,'6'!$I$2:$J$33,2,FALSE) -> 12 | R76: =VLOOKUP(S76,'4'!$C$11:$F$33,2,FALSE) -> 14 | S76: =_xlfn.CONCAT(T76," ",U76) -> X TOI 1 | T76: X | U76: TOI 1 | V76: =VLOOKUP(P76,[1]Sheet1!$B$2:$E$393,2,FALSE) -> 1 | W76: =VLOOKUP(P76,[1]Sheet1!$B$2:$E$393,3,FALSE) -> 0 | X76: =VLOOKUP(P76,[1]Sheet1!$B$2:$E$393,4,FALSE) -> 0 | AB76: 13625 | AD76: Ilyas Anggara Pratama | AE76: 703 | AF76: =VLOOKUP(AH76,'6'!$I$2:$J$33,2,FALSE) -> 25 | AG76: =VLOOKUP(AH76,'4'!$C$11:$F$33,2,FALSE) -> 15 | AH76: =_xlfn.CONCAT(AI76," ",AJ76) -> XI TOI 1 | AI76: XI | AJ76: TOI 1 | AK76: =VLOOKUP(AD76,[1]xi!$B$3:$E$208,2,FALSE) -> #N/A | AL76: =VLOOKUP(AD76,[1]xi!$B$3:$E$208,3,FALSE) -> #N/A | AM76: =VLOOKUP(AD76,[1]xi!$B$3:$E$208,4,FALSE) -> #N/A | AN76: PKL
A77: 75 | B77: 13343 | C77: '0073231651 | D77: Risqi Ardiana Putra | E77: XII TOI 2 | F77: 0 | G77: 0 | H77: 0 | I77: TOI 2 | J77: 3 | M77: 338 | N77: 13944 | P77: Azril Gunawan | Q77: =VLOOKUP(S77,'6'!$I$2:$J$33,2,FALSE) -> 12 | R77: =VLOOKUP(S77,'4'!$C$11:$F$33,2,FALSE) -> 14 | S77: =_xlfn.CONCAT(T77," ",U77) -> X TOI 1 | T77: X | U77: TOI 1 | V77: =VLOOKUP(P77,[1]Sheet1!$B$2:$E$393,2,FALSE) -> 0 | W77: =VLOOKUP(P77,[1]Sheet1!$B$2:$E$393,3,FALSE) -> 0 | X77: =VLOOKUP(P77,[1]Sheet1!$B$2:$E$393,4,FALSE) -> 0 | AB77: 13626 | AD77: Innani Arsya Muarifah | AE77: 704 | AF77: =VLOOKUP(AH77,'6'!$I$2:$J$33,2,FALSE) -> 25 | AG77: =VLOOKUP(AH77,'4'!$C$11:$F$33,2,FALSE) -> 15 | AH77: =_xlfn.CONCAT(AI77," ",AJ77) -> XI TOI 1 | AI77: XI | AJ77: TOI 1 | AK77: =VLOOKUP(AD77,[1]xi!$B$3:$E$208,2,FALSE) -> #N/A | AL77: =VLOOKUP(AD77,[1]xi!$B$3:$E$208,3,FALSE) -> #N/A | AM77: =VLOOKUP(AD77,[1]xi!$B$3:$E$208,4,FALSE) -> #N/A | AN77: PKL
A78: 76 | B78: 13344 | C78: '0074111761 | D78: Sahrul Nur Huda | E78: XII TOI 2 | F78: 0 | G78: 0 | H78: 0 | I78: TOI 2 | J78: 3 | M78: 339 | N78: 13945 | P78: Balapradhana Bagas Nur Wicaksono | Q78: =VLOOKUP(S78,'6'!$I$2:$J$33,2,FALSE) -> 12 | R78: =VLOOKUP(S78,'4'!$C$11:$F$33,2,FALSE) -> 14 | S78: =_xlfn.CONCAT(T78," ",U78) -> X TOI 1 | T78: X | U78: TOI 1 | V78: =VLOOKUP(P78,[1]Sheet1!$B$2:$E$393,2,FALSE) -> 0 | W78: =VLOOKUP(P78,[1]Sheet1!$B$2:$E$393,3,FALSE) -> 0 | X78: =VLOOKUP(P78,[1]Sheet1!$B$2:$E$393,4,FALSE) -> 0 | AB78: 13627 | AD78: Iqbal Mahendra | AE78: 705 | AF78: =VLOOKUP(AH78,'6'!$I$2:$J$33,2,FALSE) -> 25 | AG78: =VLOOKUP(AH78,'4'!$C$11:$F$33,2,FALSE) -> 15 | AH78: =_xlfn.CONCAT(AI78," ",AJ78) -> XI TOI 1 | AI78: XI | AJ78: TOI 1 | AK78: =VLOOKUP(AD78,[1]xi!$B$3:$E$208,2,FALSE) -> #N/A | AL78: =VLOOKUP(AD78,[1]xi!$B$3:$E$208,3,FALSE) -> #N/A | AM78: =VLOOKUP(AD78,[1]xi!$B$3:$E$208,4,FALSE) -> #N/A | AN78: PKL
A79: 77 | B79: 13345 | C79: '0088313079 | D79: Thifa Santika | E79: XII TOI 2 | F79: 0 | G79: 0 | H79: 0 | I79: TOI 2 | J79: 3 | M79: 340 | N79: 13946 | P79: Benedictus Trias Nur Putra | Q79: =VLOOKUP(S79,'6'!$I$2:$J$33,2,FALSE) -> 12 | R79: =VLOOKUP(S79,'4'!$C$11:$F$33,2,FALSE) -> 14 | S79: =_xlfn.CONCAT(T79," ",U79) -> X TOI 1 | T79: X | U79: TOI 1 | V79: =VLOOKUP(P79,[1]Sheet1!$B$2:$E$393,2,FALSE) -> 0 | W79: =VLOOKUP(P79,[1]Sheet1!$B$2:$E$393,3,FALSE) -> 0 | X79: =VLOOKUP(P79,[1]Sheet1!$B$2:$E$393,4,FALSE) -> 0 | AB79: 13628 | AD79: Irsadt Saifulloh | AE79: 706 | AF79: =VLOOKUP(AH79,'6'!$I$2:$J$33,2,FALSE) -> 25 | AG79: =VLOOKUP(AH79,'4'!$C$11:$F$33,2,FALSE) -> 15 | AH79: =_xlfn.CONCAT(AI79," ",AJ79) -> XI TOI 1 | AI79: XI | AJ79: TOI 1 | AK79: =VLOOKUP(AD79,[1]xi!$B$3:$E$208,2,FALSE) -> #N/A | AL79: =VLOOKUP(AD79,[1]xi!$B$3:$E$208,3,FALSE) -> #N/A | AM79: =VLOOKUP(AD79,[1]xi!$B$3:$E$208,4,FALSE) -> #N/A | AN79: PKL
A80: 78 | B80: 13346 | C80: 72742044 | D80: Trisma Wisnu Saputra | E80: XII TOI 2 | F80: 0 | G80: 1 | H80: 0 | I80: TOI 2 | J80: 3 | M80: 341 | N80: 13947 | P80: Berlana Andika Dwi Pratama | Q80: =VLOOKUP(S80,'6'!$I$2:$J$33,2,FALSE) -> 12 | R80: =VLOOKUP(S80,'4'!$C$11:$F$33,2,FALSE) -> 14 | S80: =_xlfn.CONCAT(T80," ",U80) -> X TOI 1 | T80: X | U80: TOI 1 | V80: =VLOOKUP(P80,[1]Sheet1!$B$2:$E$393,2,FALSE) -> 0 | W80: =VLOOKUP(P80,[1]Sheet1!$B$2:$E$393,3,FALSE) -> 2 | X80: =VLOOKUP(P80,[1]Sheet1!$B$2:$E$393,4,FALSE) -> 0 | AB80: 13629 | AD80: Ismail Murfid Efendi | AE80: 707 | AF80: =VLOOKUP(AH80,'6'!$I$2:$J$33,2,FALSE) -> 25 | AG80: =VLOOKUP(AH80,'4'!$C$11:$F$33,2,FALSE) -> 15 | AH80: =_xlfn.CONCAT(AI80," ",AJ80) -> XI TOI 1 | AI80: XI | AJ80: TOI 1 | AK80: =VLOOKUP(AD80,[1]xi!$B$3:$E$208,2,FALSE) -> #N/A | AL80: =VLOOKUP(AD80,[1]xi!$B$3:$E$208,3,FALSE) -> #N/A | AM80: =VLOOKUP(AD80,[1]xi!$B$3:$E$208,4,FALSE) -> #N/A | AN80: PKL
A81: 79 | B81: 13347 | C81: 87796091 | D81: Wahyu Adi Pradana | E81: XII TOI 2 | F81: 0 | G81: 0 | H81: 0 | I81: TOI 2 | J81: 3 | M81: 342 | N81: 13948 | P81: Bimantara Muhammad Zidane | Q81: =VLOOKUP(S81,'6'!$I$2:$J$33,2,FALSE) -> 12 | R81: =VLOOKUP(S81,'4'!$C$11:$F$33,2,FALSE) -> 14 | S81: =_xlfn.CONCAT(T81," ",U81) -> X TOI 1 | T81: X | U81: TOI 1 | V81: =VLOOKUP(P81,[1]Sheet1!$B$2:$E$393,2,FALSE) -> 0 | W81: =VLOOKUP(P81,[1]Sheet1!$B$2:$E$393,3,FALSE) -> 0 | X81: =VLOOKUP(P81,[1]Sheet1!$B$2:$E$393,4,FALSE) -> 0 | AB81: 13630 | AD81: Jeckson Fajar Yulianto | AE81: 708 | AF81: =VLOOKUP(AH81,'6'!$I$2:$J$33,2,FALSE) -> 26 | AG81: =VLOOKUP(AH81,'4'!$C$11:$F$33,2,FALSE) -> 17 | AH81: =_xlfn.CONCAT(AI81," ",AJ81) -> XI TOI 2 | AI81: XI | AJ81: TOI 2 | AK81: =VLOOKUP(AD81,[1]xi!$B$3:$E$208,2,FALSE) -> 2 | AL81: =VLOOKUP(AD81,[1]xi!$B$3:$E$208,3,FALSE) -> 1 | AM81: =VLOOKUP(AD81,[1]xi!$B$3:$E$208,4,FALSE) -> 0 | AN81: aktif
A82: 80 | B82: 13349 | C82: '0082610698 | D82: Yogie Fabrianto | E82: XII TOI 2 | F82: 0 | G82: 0 | H82: 0 | I82: TOI 2 | J82: 3 | M82: 343 | N82: 13949 | P82: Cantika Dewi Sulistyowati | Q82: =VLOOKUP(S82,'6'!$I$2:$J$33,2,FALSE) -> 12 | R82: =VLOOKUP(S82,'4'!$C$11:$F$33,2,FALSE) -> 14 | S82: =_xlfn.CONCAT(T82," ",U82) -> X TOI 1 | T82: X | U82: TOI 1 | V82: =VLOOKUP(P82,[1]Sheet1!$B$2:$E$393,2,FALSE) -> 1 | W82: =VLOOKUP(P82,[1]Sheet1!$B$2:$E$393,3,FALSE) -> 0 | X82: =VLOOKUP(P82,[1]Sheet1!$B$2:$E$393,4,FALSE) -> 0 | AB82: 13631 | AD82: Kukuh Al Bani | AE82: 709 | AF82: =VLOOKUP(AH82,'6'!$I$2:$J$33,2,FALSE) -> 26 | AG82: =VLOOKUP(AH82,'4'!$C$11:$F$33,2,FALSE) -> 17 | AH82: =_xlfn.CONCAT(AI82," ",AJ82) -> XI TOI 2 | AI82: XI | AJ82: TOI 2 | AK82: =VLOOKUP(AD82,[1]xi!$B$3:$E$208,2,FALSE) -> 0 | AL82: =VLOOKUP(AD82,[1]xi!$B$3:$E$208,3,FALSE) -> 1 | AM82: =VLOOKUP(AD82,[1]xi!$B$3:$E$208,4,FALSE) -> 0 | AN82: aktif
A83: 81 | B83: 13350 | C83: '0073379820 | D83: Yusuf Al Asy`ari | E83: XII TOI 2 | F83: 0 | G83: 0 | H83: 2 | I83: TOI 2 | J83: 3 | M83: 344 | N83: 13950 | P83: Celine Nurista Sari | Q83: =VLOOKUP(S83,'6'!$I$2:$J$33,2,FALSE) -> 12 | R83: =VLOOKUP(S83,'4'!$C$11:$F$33,2,FALSE) -> 14 | S83: =_xlfn.CONCAT(T83," ",U83) -> X TOI 1 | T83: X | U83: TOI 1 | V83: =VLOOKUP(P83,[1]Sheet1!$B$2:$E$393,2,FALSE) -> 0 | W83: =VLOOKUP(P83,[1]Sheet1!$B$2:$E$393,3,FALSE) -> 1 | X83: =VLOOKUP(P83,[1]Sheet1!$B$2:$E$393,4,FALSE) -> 0 | AB83: 13632 | AD83: Lintang Zulfa Zulkarnain | AE83: 710 | AF83: =VLOOKUP(AH83,'6'!$I$2:$J$33,2,FALSE) -> 26 | AG83: =VLOOKUP(AH83,'4'!$C$11:$F$33,2,FALSE) -> 17 | AH83: =_xlfn.CONCAT(AI83," ",AJ83) -> XI TOI 2 | AI83: XI | AJ83: TOI 2 | AK83: =VLOOKUP(AD83,[1]xi!$B$3:$E$208,2,FALSE) -> 1 | AL83: =VLOOKUP(AD83,[1]xi!$B$3:$E$208,3,FALSE) -> 0 | AM83: =VLOOKUP(AD83,[1]xi!$B$3:$E$208,4,FALSE) -> 0 | AN83: aktif
A84: 82 | B84: 13352 | C84: '0089874457 | D84: Abdul Rosyid | E84: XII TP 1 | F84: 0 | G84: 0 | H84: 0 | I84: TP 1 | J84: 4 | M84: 345 | N84: 13951 | P84: Cempaka Dina Citra | Q84: =VLOOKUP(S84,'6'!$I$2:$J$33,2,FALSE) -> 12 | R84: =VLOOKUP(S84,'4'!$C$11:$F$33,2,FALSE) -> 14 | S84: =_xlfn.CONCAT(T84," ",U84) -> X TOI 1 | T84: X | U84: TOI 1 | V84: =VLOOKUP(P84,[1]Sheet1!$B$2:$E$393,2,FALSE) -> 2 | W84: =VLOOKUP(P84,[1]Sheet1!$B$2:$E$393,3,FALSE) -> 0 | X84: =VLOOKUP(P84,[1]Sheet1!$B$2:$E$393,4,FALSE) -> 1 | AB84: 13633 | AD84: Lucky Putra Pratama | AE84: 711 | AF84: =VLOOKUP(AH84,'6'!$I$2:$J$33,2,FALSE) -> 26 | AG84: =VLOOKUP(AH84,'4'!$C$11:$F$33,2,FALSE) -> 17 | AH84: =_xlfn.CONCAT(AI84," ",AJ84) -> XI TOI 2 | AI84: XI | AJ84: TOI 2 | AK84: =VLOOKUP(AD84,[1]xi!$B$3:$E$208,2,FALSE) -> 0 | AL84: =VLOOKUP(AD84,[1]xi!$B$3:$E$208,3,FALSE) -> 0 | AM84: =VLOOKUP(AD84,[1]xi!$B$3:$E$208,4,FALSE) -> 0 | AN84: aktif
A85: 83 | B85: 13353 | C85: '0085318283 | D85: Abi Aji Pratama | E85: XII TP 1 | F85: 0 | G85: 2 | H85: 1 | I85: TP 1 | J85: 4 | M85: 346 | N85: 13952 | P85: Daffa Putra Pamungkas | Q85: =VLOOKUP(S85,'6'!$I$2:$J$33,2,FALSE) -> 12 | R85: =VLOOKUP(S85,'4'!$C$11:$F$33,2,FALSE) -> 14 | S85: =_xlfn.CONCAT(T85," ",U85) -> X TOI 1 | T85: X | U85: TOI 1 | V85: =VLOOKUP(P85,[1]Sheet1!$B$2:$E$393,2,FALSE) -> 0 | W85: =VLOOKUP(P85,[1]Sheet1!$B$2:$E$393,3,FALSE) -> 0 | X85: =VLOOKUP(P85,[1]Sheet1!$B$2:$E$393,4,FALSE) -> 0 | AB85: 13634 | AD85: Marselline Putri Utama | AE85: 712 | AF85: =VLOOKUP(AH85,'6'!$I$2:$J$33,2,FALSE) -> 26 | AG85: =VLOOKUP(AH85,'4'!$C$11:$F$33,2,FALSE) -> 17 | AH85: =_xlfn.CONCAT(AI85," ",AJ85) -> XI TOI 2 | AI85: XI | AJ85: TOI 2 | AK85: =VLOOKUP(AD85,[1]xi!$B$3:$E$208,2,FALSE) -> 1 | AL85: =VLOOKUP(AD85,[1]xi!$B$3:$E$208,3,FALSE) -> 0 | AM85: =VLOOKUP(AD85,[1]xi!$B$3:$E$208,4,FALSE) -> 2 | AN85: aktif
A86: 84 | B86: 13354 | C86: '0078251945 | D86: Achmad Khoirul Fatah | E86: XII TP 1 | F86: 0 | G86: 2 | H86: 1 | I86: TP 1 | J86: 4 | M86: 347 | N86: 13953 | P86: Danu Fahmi Ilmy Ramadhan | Q86: =VLOOKUP(S86,'6'!$I$2:$J$33,2,FALSE) -> 12 | R86: =VLOOKUP(S86,'4'!$C$11:$F$33,2,FALSE) -> 14 | S86: =_xlfn.CONCAT(T86," ",U86) -> X TOI 1 | T86: X | U86: TOI 1 | V86: =VLOOKUP(P86,[1]Sheet1!$B$2:$E$393,2,FALSE) -> 0 | W86: =VLOOKUP(P86,[1]Sheet1!$B$2:$E$393,3,FALSE) -> 0 | X86: =VLOOKUP(P86,[1]Sheet1!$B$2:$E$393,4,FALSE) -> 0 | AB86: 13635 | AD86: Marvel Andhika Saputra | AE86: 713 | AF86: =VLOOKUP(AH86,'6'!$I$2:$J$33,2,FALSE) -> 26 | AG86: =VLOOKUP(AH86,'4'!$C$11:$F$33,2,FALSE) -> 17 | AH86: =_xlfn.CONCAT(AI86," ",AJ86) -> XI TOI 2 | AI86: XI | AJ86: TOI 2 | AK86: =VLOOKUP(AD86,[1]xi!$B$3:$E$208,2,FALSE) -> 0 | AL86: =VLOOKUP(AD86,[1]xi!$B$3:$E$208,3,FALSE) -> 0 | AM86: =VLOOKUP(AD86,[1]xi!$B$3:$E$208,4,FALSE) -> 0 | AN86: aktif
A87: 85 | B87: 13356 | C87: '0085885662 | D87: Ade Egy Junaedi | E87: XII TP 1 | F87: 0 | G87: 0 | H87: 0 | I87: TP 1 | J87: 4 | M87: 348 | N87: 13954 | P87: Deva Setyawan Putra | Q87: =VLOOKUP(S87,'6'!$I$2:$J$33,2,FALSE) -> 12 | R87: =VLOOKUP(S87,'4'!$C$11:$F$33,2,FALSE) -> 14 | S87: =_xlfn.CONCAT(T87," ",U87) -> X TOI 1 | T87: X | U87: TOI 1 | V87: =VLOOKUP(P87,[1]Sheet1!$B$2:$E$393,2,FALSE) -> 0 | W87: =VLOOKUP(P87,[1]Sheet1!$B$2:$E$393,3,FALSE) -> 0 | X87: =VLOOKUP(P87,[1]Sheet1!$B$2:$E$393,4,FALSE) -> 2 | AB87: 13636 | AD87: Mas'ud Rama Dinata | AE87: 714 | AF87: =VLOOKUP(AH87,'6'!$I$2:$J$33,2,FALSE) -> 26 | AG87: =VLOOKUP(AH87,'4'!$C$11:$F$33,2,FALSE) -> 17 | AH87: =_xlfn.CONCAT(AI87," ",AJ87) -> XI TOI 2 | AI87: XI | AJ87: TOI 2 | AK87: =VLOOKUP(AD87,[1]xi!$B$3:$E$208,2,FALSE) -> 0 | AL87: =VLOOKUP(AD87,[1]xi!$B$3:$E$208,3,FALSE) -> 0 | AM87: =VLOOKUP(AD87,[1]xi!$B$3:$E$208,4,FALSE) -> 0 | AN87: aktif
A88: 86 | B88: 13357 | C88: '0086272604 | D88: Aditya Saputra | E88: XII TP 1 | F88: 0 | G88: 0 | H88: 0 | I88: TP 1 | J88: 4 | M88: 349 | N88: 13955 | P88: Erlangga Arvi Negars | Q88: =VLOOKUP(S88,'6'!$I$2:$J$33,2,FALSE) -> 12 | R88: =VLOOKUP(S88,'4'!$C$11:$F$33,2,FALSE) -> 14 | S88: =_xlfn.CONCAT(T88," ",U88) -> X TOI 1 | T88: X | U88: TOI 1 | V88: =VLOOKUP(P88,[1]Sheet1!$B$2:$E$393,2,FALSE) -> 0 | W88: =VLOOKUP(P88,[1]Sheet1!$B$2:$E$393,3,FALSE) -> 0 | X88: =VLOOKUP(P88,[1]Sheet1!$B$2:$E$393,4,FALSE) -> 0 | AB88: 13637 | AD88: Miftahqul Annand | AE88: 715 | AF88: =VLOOKUP(AH88,'6'!$I$2:$J$33,2,FALSE) -> 26 | AG88: =VLOOKUP(AH88,'4'!$C$11:$F$33,2,FALSE) -> 17 | AH88: =_xlfn.CONCAT(AI88," ",AJ88) -> XI TOI 2 | AI88: XI | AJ88: TOI 2 | AK88: =VLOOKUP(AD88,[1]xi!$B$3:$E$208,2,FALSE) -> 0 | AL88: =VLOOKUP(AD88,[1]xi!$B$3:$E$208,3,FALSE) -> 0 | AM88: =VLOOKUP(AD88,[1]xi!$B$3:$E$208,4,FALSE) -> 0 | AN88: aktif
A89: 87 | B89: 13361 | C89: '0078281371 | D89: Afiq Bima Prasetya | E89: XII TP 1 | F89: 0 | G89: 2 | H89: 0 | I89: TP 1 | J89: 4 | M89: 350 | N89: 14304 | P89: Nasiruddin | Q89: =VLOOKUP(S89,'6'!$I$2:$J$33,2,FALSE) -> 12 | R89: =VLOOKUP(S89,'4'!$C$11:$F$33,2,FALSE) -> 14 | S89: =_xlfn.CONCAT(T89," ",U89) -> X TOI 1 | T89: X | U89: TOI 1 | V89: =VLOOKUP(P89,[1]Sheet1!$B$2:$E$393,2,FALSE) -> 1 | W89: =VLOOKUP(P89,[1]Sheet1!$B$2:$E$393,3,FALSE) -> 0 | X89: =VLOOKUP(P89,[1]Sheet1!$B$2:$E$393,4,FALSE) -> 0 | AB89: 13638 | AD89: Muhammad Iqbal Ramadhani | AE89: 716 | AF89: =VLOOKUP(AH89,'6'!$I$2:$J$33,2,FALSE) -> 26 | AG89: =VLOOKUP(AH89,'4'!$C$11:$F$33,2,FALSE) -> 17 | AH89: =_xlfn.CONCAT(AI89," ",AJ89) -> XI TOI 2 | AI89: XI | AJ89: TOI 2 | AK89: =VLOOKUP(AD89,[1]xi!$B$3:$E$208,2,FALSE) -> 2 | AL89: =VLOOKUP(AD89,[1]xi!$B$3:$E$208,3,FALSE) -> 0 | AM89: =VLOOKUP(AD89,[1]xi!$B$3:$E$208,4,FALSE) -> 0 | AN89: aktif
A90: 88 | B90: 13362 | C90: '0079915101 | D90: Ahmadio Nur Kurniawan | E90: XII TP 1 | F90: 0 | G90: 2 | H90: 1 | I90: TP 1 | J90: 4 | M90: 351 | N90: 13956 | P90: Eto Syahri Ramadhan | Q90: =VLOOKUP(S90,'6'!$I$2:$J$33,2,FALSE) -> 13 | R90: =VLOOKUP(S90,'4'!$C$11:$F$33,2,FALSE) -> 16 | S90: =_xlfn.CONCAT(T90," ",U90) -> X TOI 2 | T90: X | U90: TOI 2 | V90: =VLOOKUP(P90,[1]Sheet1!$B$2:$E$393,2,FALSE) -> 1 | W90: =VLOOKUP(P90,[1]Sheet1!$B$2:$E$393,3,FALSE) -> 1 | X90: =VLOOKUP(P90,[1]Sheet1!$B$2:$E$393,4,FALSE) -> 0 | AB90: 13640 | AD90: Muhammad Nashir | AE90: 717 | AF90: =VLOOKUP(AH90,'6'!$I$2:$J$33,2,FALSE) -> 26 | AG90: =VLOOKUP(AH90,'4'!$C$11:$F$33,2,FALSE) -> 17 | AH90: =_xlfn.CONCAT(AI90," ",AJ90) -> XI TOI 2 | AI90: XI | AJ90: TOI 2 | AK90: =VLOOKUP(AD90,[1]xi!$B$3:$E$208,2,FALSE) -> 0 | AL90: =VLOOKUP(AD90,[1]xi!$B$3:$E$208,3,FALSE) -> 0 | AM90: =VLOOKUP(AD90,[1]xi!$B$3:$E$208,4,FALSE) -> 0 | AN90: aktif
A91: 89 | B91: 13363 | C91: '0085867517 | D91: Aidil Rizki Firmansyah | E91: XII TP 1 | F91: 0 | G91: 1 | H91: 0 | I91: TP 1 | J91: 4 | M91: 352 | N91: 13957 | P91: Evan Nabil Al Mouslim Raharjo | Q91: =VLOOKUP(S91,'6'!$I$2:$J$33,2,FALSE) -> 13 | R91: =VLOOKUP(S91,'4'!$C$11:$F$33,2,FALSE) -> 16 | S91: =_xlfn.CONCAT(T91," ",U91) -> X TOI 2 | T91: X | U91: TOI 2 | V91: =VLOOKUP(P91,[1]Sheet1!$B$2:$E$393,2,FALSE) -> 0 | W91: =VLOOKUP(P91,[1]Sheet1!$B$2:$E$393,3,FALSE) -> 0 | X91: =VLOOKUP(P91,[1]Sheet1!$B$2:$E$393,4,FALSE) -> 1 | AB91: 13641 | AD91: Muhammad Zacky | AE91: 718 | AF91: =VLOOKUP(AH91,'6'!$I$2:$J$33,2,FALSE) -> 26 | AG91: =VLOOKUP(AH91,'4'!$C$11:$F$33,2,FALSE) -> 17 | AH91: =_xlfn.CONCAT(AI91," ",AJ91) -> XI TOI 2 | AI91: XI | AJ91: TOI 2 | AK91: =VLOOKUP(AD91,[1]xi!$B$3:$E$208,2,FALSE) -> 0 | AL91: =VLOOKUP(AD91,[1]xi!$B$3:$E$208,3,FALSE) -> 0 | AM91: =VLOOKUP(AD91,[1]xi!$B$3:$E$208,4,FALSE) -> 0 | AN91: aktif
A92: 90 | B92: 13364 | C92: '0089632245 | D92: Akbar Pramudya Wardhana | E92: XII TP 1 | F92: 0 | G92: 2 | H92: 0 | I92: TP 1 | J92: 4 | M92: 353 | N92: 13958 | P92: Faiz Adytia Pratama | Q92: =VLOOKUP(S92,'6'!$I$2:$J$33,2,FALSE) -> 13 | R92: =VLOOKUP(S92,'4'!$C$11:$F$33,2,FALSE) -> 16 | S92: =_xlfn.CONCAT(T92," ",U92) -> X TOI 2 | T92: X | U92: TOI 2 | V92: =VLOOKUP(P92,[1]Sheet1!$B$2:$E$393,2,FALSE) -> 0 | W92: =VLOOKUP(P92,[1]Sheet1!$B$2:$E$393,3,FALSE) -> 0 | X92: =VLOOKUP(P92,[1]Sheet1!$B$2:$E$393,4,FALSE) -> 0 | AB92: 13642 | AD92: Muhammad Zulfa Susila Atmaja | AE92: 719 | AF92: =VLOOKUP(AH92,'6'!$I$2:$J$33,2,FALSE) -> 26 | AG92: =VLOOKUP(AH92,'4'!$C$11:$F$33,2,FALSE) -> 17 | AH92: =_xlfn.CONCAT(AI92," ",AJ92) -> XI TOI 2 | AI92: XI | AJ92: TOI 2 | AK92: =VLOOKUP(AD92,[1]xi!$B$3:$E$208,2,FALSE) -> 1 | AL92: =VLOOKUP(AD92,[1]xi!$B$3:$E$208,3,FALSE) -> 1 | AM92: =VLOOKUP(AD92,[1]xi!$B$3:$E$208,4,FALSE) -> 0 | AN92: aktif
A93: 91 | B93: 13365 | C93: '0078987547 | D93: Akmal Radiansyah | E93: XII TP 1 | F93: 0 | G93: 0 | H93: 1 | I93: TP 1 | J93: 4 | M93: 354 | N93: 13959 | P93: Farel Ramadhani Alfajri | Q93: =VLOOKUP(S93,'6'!$I$2:$J$33,2,FALSE) -> 13 | R93: =VLOOKUP(S93,'4'!$C$11:$F$33,2,FALSE) -> 16 | S93: =_xlfn.CONCAT(T93," ",U93) -> X TOI 2 | T93: X | U93: TOI 2 | V93: =VLOOKUP(P93,[1]Sheet1!$B$2:$E$393,2,FALSE) -> 0 | W93: =VLOOKUP(P93,[1]Sheet1!$B$2:$E$393,3,FALSE) -> 0 | X93: =VLOOKUP(P93,[1]Sheet1!$B$2:$E$393,4,FALSE) -> 2 | AB93: 13643 | AD93: Nadine Nathania Putri | AE93: 720 | AF93: =VLOOKUP(AH93,'6'!$I$2:$J$33,2,FALSE) -> 26 | AG93: =VLOOKUP(AH93,'4'!$C$11:$F$33,2,FALSE) -> 17 | AH93: =_xlfn.CONCAT(AI93," ",AJ93) -> XI TOI 2 | AI93: XI | AJ93: TOI 2 | AK93: =VLOOKUP(AD93,[1]xi!$B$3:$E$208,2,FALSE) -> 1 | AL93: =VLOOKUP(AD93,[1]xi!$B$3:$E$208,3,FALSE) -> 1 | AM93: =VLOOKUP(AD93,[1]xi!$B$3:$E$208,4,FALSE) -> 0 | AN93: aktif
... A101: 99 | B101: 13373 | C101: '0083055974 | D101: Angger Wahyu Nugroho | E101: XII TP 1 | F101: 0 | G101: 0 | H101: 1 | I101: TP 1 | J101: 4 | M101: 362 | N101: 13967 | P101: Hanif Kusuma Jati | Q101: =VLOOKUP(S101,'6'!$I$2:$J$33,2,FALSE) -> 13 | R101: =VLOOKUP(S101,'4'!$C$11:$F$33,2,FALSE) -> 16 | S101: =_xlfn.CONCAT(T101," ",U101) -> X TOI 2 | T101: X | U101: TOI 2 | V101: =VLOOKUP(P101,[1]Sheet1!$B$2:$E$393,2,FALSE) -> 0 | W101: =VLOOKUP(P101,[1]Sheet1!$B$2:$E$393,3,FALSE) -> 0 | X101: =VLOOKUP(P101,[1]Sheet1!$B$2:$E$393,4,FALSE) -> 0 | AB101: 13650 | AD101: Rahmad Indra Saktiawan | AE101: 728 | AF101: =VLOOKUP(AH101,'6'!$I$2:$J$33,2,FALSE) -> 26 | AG101: =VLOOKUP(AH101,'4'!$C$11:$F$33,2,FALSE) -> 17 | AH101: =_xlfn.CONCAT(AI101," ",AJ101) -> XI TOI 2 | AI101: XI | AJ101: TOI 2 | AK101: =VLOOKUP(AD101,[1]xi!$B$3:$E$208,2,FALSE) -> 0 | AL101: =VLOOKUP(AD101,[1]xi!$B$3:$E$208,3,FALSE) -> 0 | AM101: =VLOOKUP(AD101,[1]xi!$B$3:$E$208,4,FALSE) -> 0 | AN101: aktif
A102: 100 | B102: 13375 | C102: 83594062 | D102: Arva Avrian Resco | E102: XII TP 1 | F102: 0 | G102: 0 | H102: 0 | I102: TP 1 | J102: 4 | M102: 363 | N102: 13968 | P102: Heldiansyah Alviano | Q102: =VLOOKUP(S102,'6'!$I$2:$J$33,2,FALSE) -> 13 | R102: =VLOOKUP(S102,'4'!$C$11:$F$33,2,FALSE) -> 16 | S102: =_xlfn.CONCAT(T102," ",U102) -> X TOI 2 | T102: X | U102: TOI 2 | V102: =VLOOKUP(P102,[1]Sheet1!$B$2:$E$393,2,FALSE) -> 1 | W102: =VLOOKUP(P102,[1]Sheet1!$B$2:$E$393,3,FALSE) -> 0 | X102: =VLOOKUP(P102,[1]Sheet1!$B$2:$E$393,4,FALSE) -> 0 | AB102: 13651 | AD102: Rasya Dimas Aribi | AE102: 729 | AF102: =VLOOKUP(AH102,'6'!$I$2:$J$33,2,FALSE) -> 26 | AG102: =VLOOKUP(AH102,'4'!$C$11:$F$33,2,FALSE) -> 17 | AH102: =_xlfn.CONCAT(AI102," ",AJ102) -> XI TOI 2 | AI102: XI | AJ102: TOI 2 | AK102: =VLOOKUP(AD102,[1]xi!$B$3:$E$208,2,FALSE) -> 1 | AL102: =VLOOKUP(AD102,[1]xi!$B$3:$E$208,3,FALSE) -> 0 | AM102: =VLOOKUP(AD102,[1]xi!$B$3:$E$208,4,FALSE) -> 3 | AN102: aktif
A103: 101 | B103: 13376 | C103: '0075508575 | D103: Asyraful Zaky Hafidz Yunanto | E103: XII TP 1 | F103: 0 | G103: 2 | H103: 0 | I103: TP 1 | J103: 4 | M103: 364 | N103: 13969 | P103: Ibnu Syarofa | Q103: =VLOOKUP(S103,'6'!$I$2:$J$33,2,FALSE) -> 13 | R103: =VLOOKUP(S103,'4'!$C$11:$F$33,2,FALSE) -> 16 | S103: =_xlfn.CONCAT(T103," ",U103) -> X TOI 2 | T103: X | U103: TOI 2 | V103: =VLOOKUP(P103,[1]Sheet1!$B$2:$E$393,2,FALSE) -> 1 | W103: =VLOOKUP(P103,[1]Sheet1!$B$2:$E$393,3,FALSE) -> 0 | X103: =VLOOKUP(P103,[1]Sheet1!$B$2:$E$393,4,FALSE) -> 0 | AB103: 13652 | AD103: Rasyd Jafar Dwi Saputra | AE103: 730 | AF103: =VLOOKUP(AH103,'6'!$I$2:$J$33,2,FALSE) -> 26 | AG103: =VLOOKUP(AH103,'4'!$C$11:$F$33,2,FALSE) -> 17 | AH103: =_xlfn.CONCAT(AI103," ",AJ103) -> XI TOI 2 | AI103: XI | AJ103: TOI 2 | AK103: =VLOOKUP(AD103,[1]xi!$B$3:$E$208,2,FALSE) -> 0 | AL103: =VLOOKUP(AD103,[1]xi!$B$3:$E$208,3,FALSE) -> 0 | AM103: =VLOOKUP(AD103,[1]xi!$B$3:$E$208,4,FALSE) -> 3 | AN103: aktif
A104: 102 | B104: 13377 | C104: 3086499225 | D104: Azis Bayu Prasetyo | E104: XII TP 1 | F104: 0 | G104: 2 | H104: 1 | I104: TP 1 | J104: 4 | M104: 365 | N104: 13970 | P104: Ikhsan Ryzqwym Nugroho | Q104: =VLOOKUP(S104,'6'!$I$2:$J$33,2,FALSE) -> 13 | R104: =VLOOKUP(S104,'4'!$C$11:$F$33,2,FALSE) -> 16 | S104: =_xlfn.CONCAT(T104," ",U104) -> X TOI 2 | T104: X | U104: TOI 2 | V104: =VLOOKUP(P104,[1]Sheet1!$B$2:$E$393,2,FALSE) -> 0 | W104: =VLOOKUP(P104,[1]Sheet1!$B$2:$E$393,3,FALSE) -> 0 | X104: =VLOOKUP(P104,[1]Sheet1!$B$2:$E$393,4,FALSE) -> 0 | AB104: 13653 | AD104: Revan Erlangga | AE104: 731 | AF104: =VLOOKUP(AH104,'6'!$I$2:$J$33,2,FALSE) -> 26 | AG104: =VLOOKUP(AH104,'4'!$C$11:$F$33,2,FALSE) -> 17 | AH104: =_xlfn.CONCAT(AI104," ",AJ104) -> XI TOI 2 | AI104: XI | AJ104: TOI 2 | AK104: =VLOOKUP(AD104,[1]xi!$B$3:$E$208,2,FALSE) -> 0 | AL104: =VLOOKUP(AD104,[1]xi!$B$3:$E$208,3,FALSE) -> 0 | AM104: =VLOOKUP(AD104,[1]xi!$B$3:$E$208,4,FALSE) -> 0 | AN104: aktif
A105: 103 | B105: 13379 | C105: '0088366190 | D105: Bangkit Priyo Hapsoro | E105: XII TP 1 | F105: 0 | G105: 0 | H105: 3 | I105: TP 1 | J105: 4 | M105: 366 | N105: 13971 | P105: Janu Surya Saputra | Q105: =VLOOKUP(S105,'6'!$I$2:$J$33,2,FALSE) -> 13 | R105: =VLOOKUP(S105,'4'!$C$11:$F$33,2,FALSE) -> 16 | S105: =_xlfn.CONCAT(T105," ",U105) -> X TOI 2 | T105: X | U105: TOI 2 | V105: =VLOOKUP(P105,[1]Sheet1!$B$2:$E$393,2,FALSE) -> 1 | W105: =VLOOKUP(P105,[1]Sheet1!$B$2:$E$393,3,FALSE) -> 0 | X105: =VLOOKUP(P105,[1]Sheet1!$B$2:$E$393,4,FALSE) -> 0 | AB105: 13654 | AD105: Reyhan Apriyanto | AE105: 732 | AF105: =VLOOKUP(AH105,'6'!$I$2:$J$33,2,FALSE) -> 26 | AG105: =VLOOKUP(AH105,'4'!$C$11:$F$33,2,FALSE) -> 17 | AH105: =_xlfn.CONCAT(AI105," ",AJ105) -> XI TOI 2 | AI105: XI | AJ105: TOI 2 | AK105: =VLOOKUP(AD105,[1]xi!$B$3:$E$208,2,FALSE) -> 0 | AL105: =VLOOKUP(AD105,[1]xi!$B$3:$E$208,3,FALSE) -> 0 | AM105: =VLOOKUP(AD105,[1]xi!$B$3:$E$208,4,FALSE) -> 0 | AN105: aktif
A106: 104 | B106: 13380 | C106: '0081106800 | D106: Bangkit Surya Adi Putra | E106: XII TP 1 | F106: 0 | G106: 0 | H106: 1 | I106: TP 1 | J106: 4 | M106: 367 | N106: 13972 | P106: Jeny Khansa Arifah | Q106: =VLOOKUP(S106,'6'!$I$2:$J$33,2,FALSE) -> 13 | R106: =VLOOKUP(S106,'4'!$C$11:$F$33,2,FALSE) -> 16 | S106: =_xlfn.CONCAT(T106," ",U106) -> X TOI 2 | T106: X | U106: TOI 2 | V106: =VLOOKUP(P106,[1]Sheet1!$B$2:$E$393,2,FALSE) -> 0 | W106: =VLOOKUP(P106,[1]Sheet1!$B$2:$E$393,3,FALSE) -> 0 | X106: =VLOOKUP(P106,[1]Sheet1!$B$2:$E$393,4,FALSE) -> 0 | AB106: 13655 | AD106: Reyhan Raditya Ramadhani | AE106: 733 | AF106: =VLOOKUP(AH106,'6'!$I$2:$J$33,2,FALSE) -> 26 | AG106: =VLOOKUP(AH106,'4'!$C$11:$F$33,2,FALSE) -> 17 | AH106: =_xlfn.CONCAT(AI106," ",AJ106) -> XI TOI 2 | AI106: XI | AJ106: TOI 2 | AK106: =VLOOKUP(AD106,[1]xi!$B$3:$E$208,2,FALSE) -> 1 | AL106: =VLOOKUP(AD106,[1]xi!$B$3:$E$208,3,FALSE) -> 0 | AM106: =VLOOKUP(AD106,[1]xi!$B$3:$E$208,4,FALSE) -> 3 | AN106: aktif
A107: 105 | B107: 13381 | C107: 75979555 | D107: Bayu Aditya Wardhana | E107: XII TP 1 | F107: 0 | G107: 0 | H107: 1 | I107: TP 1 | J107: 4 | M107: 368 | N107: 13973 | P107: Kelvin Jevon Bagus Wibisono | Q107: =VLOOKUP(S107,'6'!$I$2:$J$33,2,FALSE) -> 13 | R107: =VLOOKUP(S107,'4'!$C$11:$F$33,2,FALSE) -> 16 | S107: =_xlfn.CONCAT(T107," ",U107) -> X TOI 2 | T107: X | U107: TOI 2 | V107: =VLOOKUP(P107,[1]Sheet1!$B$2:$E$393,2,FALSE) -> 0 | W107: =VLOOKUP(P107,[1]Sheet1!$B$2:$E$393,3,FALSE) -> 0 | X107: =VLOOKUP(P107,[1]Sheet1!$B$2:$E$393,4,FALSE) -> 0 | AB107: 13656 | AD107: Rhaehan Catur Nugroho | AE107: 734 | AF107: =VLOOKUP(AH107,'6'!$I$2:$J$33,2,FALSE) -> 26 | AG107: =VLOOKUP(AH107,'4'!$C$11:$F$33,2,FALSE) -> 17 | AH107: =_xlfn.CONCAT(AI107," ",AJ107) -> XI TOI 2 | AI107: XI | AJ107: TOI 2 | AK107: =VLOOKUP(AD107,[1]xi!$B$3:$E$208,2,FALSE) -> 1 | AL107: =VLOOKUP(AD107,[1]xi!$B$3:$E$208,3,FALSE) -> 0 | AM107: =VLOOKUP(AD107,[1]xi!$B$3:$E$208,4,FALSE) -> 3 | AN107: aktif
A108: 106 | B108: 13923 | C108: '0072126063 | D108: Beatifa Elgi Maulindan | E108: XII TP 1 | F108: 0 | G108: 0 | H108: 3 | I108: TP 1 | J108: 4 | M108: 369 | N108: 13974 | P108: Khoirul Anam | Q108: =VLOOKUP(S108,'6'!$I$2:$J$33,2,FALSE) -> 13 | R108: =VLOOKUP(S108,'4'!$C$11:$F$33,2,FALSE) -> 16 | S108: =_xlfn.CONCAT(T108," ",U108) -> X TOI 2 | T108: X | U108: TOI 2 | V108: =VLOOKUP(P108,[1]Sheet1!$B$2:$E$393,2,FALSE) -> 1 | W108: =VLOOKUP(P108,[1]Sheet1!$B$2:$E$393,3,FALSE) -> 0 | X108: =VLOOKUP(P108,[1]Sheet1!$B$2:$E$393,4,FALSE) -> 0 | AB108: 13657 | AD108: Rizki Ramadhani | AE108: 735 | AF108: =VLOOKUP(AH108,'6'!$I$2:$J$33,2,FALSE) -> 26 | AG108: =VLOOKUP(AH108,'4'!$C$11:$F$33,2,FALSE) -> 17 | AH108: =_xlfn.CONCAT(AI108," ",AJ108) -> XI TOI 2 | AI108: XI | AJ108: TOI 2 | AK108: =VLOOKUP(AD108,[1]xi!$B$3:$E$208,2,FALSE) -> 0 | AL108: =VLOOKUP(AD108,[1]xi!$B$3:$E$208,3,FALSE) -> 0 | AM108: =VLOOKUP(AD108,[1]xi!$B$3:$E$208,4,FALSE) -> 0 | AN108: aktif
A109: 107 | B109: 13382 | C109: '0085548458 | D109: Bhola Andhika Sabhela | E109: XII TP 1 | F109: 0 | G109: 0 | H109: 0 | I109: TP 1 | J109: 4 | M109: 370 | N109: 13975 | P109: Leonel Krisworo Putra | Q109: =VLOOKUP(S109,'6'!$I$2:$J$33,2,FALSE) -> 13 | R109: =VLOOKUP(S109,'4'!$C$11:$F$33,2,FALSE) -> 16 | S109: =_xlfn.CONCAT(T109," ",U109) -> X TOI 2 | T109: X | U109: TOI 2 | V109: =VLOOKUP(P109,[1]Sheet1!$B$2:$E$393,2,FALSE) -> 0 | W109: =VLOOKUP(P109,[1]Sheet1!$B$2:$E$393,3,FALSE) -> 1 | X109: =VLOOKUP(P109,[1]Sheet1!$B$2:$E$393,4,FALSE) -> 0 | AB109: 13658 | AD109: Rofii Abdul Aziz | AE109: 736 | AF109: =VLOOKUP(AH109,'6'!$I$2:$J$33,2,FALSE) -> 26 | AG109: =VLOOKUP(AH109,'4'!$C$11:$F$33,2,FALSE) -> 17 | AH109: =_xlfn.CONCAT(AI109," ",AJ109) -> XI TOI 2 | AI109: XI | AJ109: TOI 2 | AK109: =VLOOKUP(AD109,[1]xi!$B$3:$E$208,2,FALSE) -> 0 | AL109: =VLOOKUP(AD109,[1]xi!$B$3:$E$208,3,FALSE) -> 0 | AM109: =VLOOKUP(AD109,[1]xi!$B$3:$E$208,4,FALSE) -> 0 | AN109: aktif
A110: 108 | B110: 13383 | C110: '0081084720 | D110: Brian Satriawan | E110: XII TP 1 | F110: 0 | G110: 1 | H110: 1 | I110: TP 1 | J110: 4 | M110: 371 | N110: 13976 | P110: Livia Desy Cahyani | Q110: =VLOOKUP(S110,'6'!$I$2:$J$33,2,FALSE) -> 13 | R110: =VLOOKUP(S110,'4'!$C$11:$F$33,2,FALSE) -> 16 | S110: =_xlfn.CONCAT(T110," ",U110) -> X TOI 2 | T110: X | U110: TOI 2 | V110: =VLOOKUP(P110,[1]Sheet1!$B$2:$E$393,2,FALSE) -> 0 | W110: =VLOOKUP(P110,[1]Sheet1!$B$2:$E$393,3,FALSE) -> 0 | X110: =VLOOKUP(P110,[1]Sheet1!$B$2:$E$393,4,FALSE) -> 0 | AB110: 13659 | AD110: Satria Jaya Wardana | AE110: 737 | AF110: =VLOOKUP(AH110,'6'!$I$2:$J$33,2,FALSE) -> 26 | AG110: =VLOOKUP(AH110,'4'!$C$11:$F$33,2,FALSE) -> 17 | AH110: =_xlfn.CONCAT(AI110," ",AJ110) -> XI TOI 2 | AI110: XI | AJ110: TOI 2 | AK110: =VLOOKUP(AD110,[1]xi!$B$3:$E$208,2,FALSE) -> 1 | AL110: =VLOOKUP(AD110,[1]xi!$B$3:$E$208,3,FALSE) -> 0 | AM110: =VLOOKUP(AD110,[1]xi!$B$3:$E$208,4,FALSE) -> 0 | AN110: aktif
A111: 109 | B111: 13384 | C111: '0052261110 | D111: Cahya Riko Ramadhan | E111: XII TP 1 | F111: 0 | G111: 2 | H111: 1 | I111: TP 1 | J111: 4 | M111: 372 | N111: 13977 | P111: Marcelinus Cristian Heryuwono | Q111: =VLOOKUP(S111,'6'!$I$2:$J$33,2,FALSE) -> 13 | R111: =VLOOKUP(S111,'4'!$C$11:$F$33,2,FALSE) -> 16 | S111: =_xlfn.CONCAT(T111," ",U111) -> X TOI 2 | T111: X | U111: TOI 2 | V111: =VLOOKUP(P111,[1]Sheet1!$B$2:$E$393,2,FALSE) -> 0 | W111: =VLOOKUP(P111,[1]Sheet1!$B$2:$E$393,3,FALSE) -> 0 | X111: =VLOOKUP(P111,[1]Sheet1!$B$2:$E$393,4,FALSE) -> 0 | AB111: 13660 | AD111: Stepanus Iskak Baskara Dahuru Aji | AE111: 738 | AF111: =VLOOKUP(AH111,'6'!$I$2:$J$33,2,FALSE) -> 26 | AG111: =VLOOKUP(AH111,'4'!$C$11:$F$33,2,FALSE) -> 17 | AH111: =_xlfn.CONCAT(AI111," ",AJ111) -> XI TOI 2 | AI111: XI | AJ111: TOI 2 | AK111: =VLOOKUP(AD111,[1]xi!$B$3:$E$208,2,FALSE) -> 1 | AL111: =VLOOKUP(AD111,[1]xi!$B$3:$E$208,3,FALSE) -> 0 | AM111: =VLOOKUP(AD111,[1]xi!$B$3:$E$208,4,FALSE) -> 0 | AN111: aktif
A112: 110 | B112: 13385 | C112: '0073708987 | D112: Choirul Armando Almatera No | E112: XII TP 1 | F112: 0 | G112: 1 | H112: 2 | I112: TP 1 | J112: 4 | M112: 373 | N112: 14310 | P112: Desi Fitriana | Q112: =VLOOKUP(S112,'6'!$I$2:$J$33,2,FALSE) -> 13 | R112: =VLOOKUP(S112,'4'!$C$11:$F$33,2,FALSE) -> 16 | S112: =_xlfn.CONCAT(T112," ",U112) -> X TOI 2 | T112: X | U112: TOI 2 | V112: =VLOOKUP(P112,[1]Sheet1!$B$2:$E$393,2,FALSE) -> 0 | W112: =VLOOKUP(P112,[1]Sheet1!$B$2:$E$393,3,FALSE) -> 1 | X112: =VLOOKUP(P112,[1]Sheet1!$B$2:$E$393,4,FALSE) -> 0 | AB112: 13661 | AD112: Wahyu Nugroho | AE112: 739 | AF112: =VLOOKUP(AH112,'6'!$I$2:$J$33,2,FALSE) -> 26 | AG112: =VLOOKUP(AH112,'4'!$C$11:$F$33,2,FALSE) -> 17 | AH112: =_xlfn.CONCAT(AI112," ",AJ112) -> XI TOI 2 | AI112: XI | AJ112: TOI 2 | AK112: =VLOOKUP(AD112,[1]xi!$B$3:$E$208,2,FALSE) -> 0 | AL112: =VLOOKUP(AD112,[1]xi!$B$3:$E$208,3,FALSE) -> 0 | AM112: =VLOOKUP(AD112,[1]xi!$B$3:$E$208,4,FALSE) -> 0 | AN112: aktif
A113: 111 | B113: 13387 | C113: '0089605064 | D113: Deflin Juan Finorisqi | E113: XII TP 2 | F113: 0 | G113: 0 | H113: 0 | I113: TP 2 | J113: 5 | M113: 374 | N113: 13978 | P113: Maulana Syarif Juliano Lutfhi | Q113: =VLOOKUP(S113,'6'!$I$2:$J$33,2,FALSE) -> 13 | R113: =VLOOKUP(S113,'4'!$C$11:$F$33,2,FALSE) -> 16 | S113: =_xlfn.CONCAT(T113," ",U113) -> X TOI 2 | T113: X | U113: TOI 2 | V113: =VLOOKUP(P113,[1]Sheet1!$B$2:$E$393,2,FALSE) -> 0 | W113: =VLOOKUP(P113,[1]Sheet1!$B$2:$E$393,3,FALSE) -> 0 | X113: =VLOOKUP(P113,[1]Sheet1!$B$2:$E$393,4,FALSE) -> 0 | AB113: 13662 | AD113: Windy Ochaviany | AE113: 740 | AF113: =VLOOKUP(AH113,'6'!$I$2:$J$33,2,FALSE) -> 26 | AG113: =VLOOKUP(AH113,'4'!$C$11:$F$33,2,FALSE) -> 17 | AH113: =_xlfn.CONCAT(AI113," ",AJ113) -> XI TOI 2 | AI113: XI | AJ113: TOI 2 | AK113: =VLOOKUP(AD113,[1]xi!$B$3:$E$208,2,FALSE) -> 1 | AL113: =VLOOKUP(AD113,[1]xi!$B$3:$E$208,3,FALSE) -> 1 | AM113: =VLOOKUP(AD113,[1]xi!$B$3:$E$208,4,FALSE) -> 0 | AN113: aktif
A114: 112 | B114: 13388 | C114: '0087476155 | D114: Dheny Rizky Saputra | E114: XII TP 2 | F114: 0 | G114: 0 | H114: 0 | I114: TP 2 | J114: 5 | M114: 375 | N114: 13979 | P114: Mohammad Faiz As Shodiqi | Q114: =VLOOKUP(S114,'6'!$I$2:$J$33,2,FALSE) -> 13 | R114: =VLOOKUP(S114,'4'!$C$11:$F$33,2,FALSE) -> 16 | S114: =_xlfn.CONCAT(T114," ",U114) -> X TOI 2 | T114: X | U114: TOI 2 | V114: =VLOOKUP(P114,[1]Sheet1!$B$2:$E$393,2,FALSE) -> 0 | W114: =VLOOKUP(P114,[1]Sheet1!$B$2:$E$393,3,FALSE) -> 0 | X114: =VLOOKUP(P114,[1]Sheet1!$B$2:$E$393,4,FALSE) -> 2 | AB114: 13663 | AD114: Zakqi Repflian | AE114: 741 | AF114: =VLOOKUP(AH114,'6'!$I$2:$J$33,2,FALSE) -> 26 | AG114: =VLOOKUP(AH114,'4'!$C$11:$F$33,2,FALSE) -> 17 | AH114: =_xlfn.CONCAT(AI114," ",AJ114) -> XI TOI 2 | AI114: XI | AJ114: TOI 2 | AK114: =VLOOKUP(AD114,[1]xi!$B$3:$E$208,2,FALSE) -> 0 | AL114: =VLOOKUP(AD114,[1]xi!$B$3:$E$208,3,FALSE) -> 0 | AM114: =VLOOKUP(AD114,[1]xi!$B$3:$E$208,4,FALSE) -> 1 | AN114: aktif
A115: 113 | B115: 13389 | C115: '0079953700 | D115: Didik Prasetyo | E115: XII TP 2 | F115: 0 | G115: 0 | H115: 0 | I115: TP 2 | J115: 5 | M115: 376 | N115: 13980 | P115: Muhammad Al Fajar | Q115: =VLOOKUP(S115,'6'!$I$2:$J$33,2,FALSE) -> 13 | R115: =VLOOKUP(S115,'4'!$C$11:$F$33,2,FALSE) -> 16 | S115: =_xlfn.CONCAT(T115," ",U115) -> X TOI 2 | T115: X | U115: TOI 2 | V115: =VLOOKUP(P115,[1]Sheet1!$B$2:$E$393,2,FALSE) -> 1 | W115: =VLOOKUP(P115,[1]Sheet1!$B$2:$E$393,3,FALSE) -> 0 | X115: =VLOOKUP(P115,[1]Sheet1!$B$2:$E$393,4,FALSE) -> 2 | AB115: 13664 | AD115: Zhurizal Arsya Nur Maulana | AE115: 742 | AF115: =VLOOKUP(AH115,'6'!$I$2:$J$33,2,FALSE) -> 26 | AG115: =VLOOKUP(AH115,'4'!$C$11:$F$33,2,FALSE) -> 17 | AH115: =_xlfn.CONCAT(AI115," ",AJ115) -> XI TOI 2 | AI115: XI | AJ115: TOI 2 | AK115: =VLOOKUP(AD115,[1]xi!$B$3:$E$208,2,FALSE) -> 0 | AL115: =VLOOKUP(AD115,[1]xi!$B$3:$E$208,3,FALSE) -> 0 | AM115: =VLOOKUP(AD115,[1]xi!$B$3:$E$208,4,FALSE) -> 0 | AN115: aktif
A116: 114 | B116: 13390 | C116: '0088120655 | D116: Dika Canda Setyawan | E116: XII TP 2 | F116: 0 | G116: 0 | H116: 0 | I116: TP 2 | J116: 5 | M116: 377 | N116: 13981 | P116: Muhammad Andika Romadel | Q116: =VLOOKUP(S116,'6'!$I$2:$J$33,2,FALSE) -> 13 | R116: =VLOOKUP(S116,'4'!$C$11:$F$33,2,FALSE) -> 16 | S116: =_xlfn.CONCAT(T116," ",U116) -> X TOI 2 | T116: X | U116: TOI 2 | V116: =VLOOKUP(P116,[1]Sheet1!$B$2:$E$393,2,FALSE) -> 0 | W116: =VLOOKUP(P116,[1]Sheet1!$B$2:$E$393,3,FALSE) -> 0 | X116: =VLOOKUP(P116,[1]Sheet1!$B$2:$E$393,4,FALSE) -> 2 | AB116: 13665 | AD116: Abdul Fattah | AE116: 743 | AF116: =VLOOKUP(AH116,'6'!$I$2:$J$33,2,FALSE) -> 27 | AG116: =VLOOKUP(AH116,'4'!$C$11:$F$33,2,FALSE) -> 20 | AH116: =_xlfn.CONCAT(AI116," ",AJ116) -> XI TP 1 | AI116: XI | AJ116: TP 1 | AK116: =VLOOKUP(AD116,[1]xi!$B$3:$E$208,2,FALSE) -> 0 | AL116: =VLOOKUP(AD116,[1]xi!$B$3:$E$208,3,FALSE) -> 0 | AM116: =VLOOKUP(AD116,[1]xi!$B$3:$E$208,4,FALSE) -> 0 | AN116: aktif
A117: 115 | B117: 13391 | C117: '3080630500 | D117: Dimas Ardiyan Nur Rifa`i | E117: XII TP 2 | F117: 0 | G117: 1 | H117: 0 | I117: TP 2 | J117: 5 | M117: 378 | N117: 14305 | P117: Kenzie Dimas Narendra | Q117: =VLOOKUP(S117,'6'!$I$2:$J$33,2,FALSE) -> 13 | R117: =VLOOKUP(S117,'4'!$C$11:$F$33,2,FALSE) -> 16 | S117: =_xlfn.CONCAT(T117," ",U117) -> X TOI 2 | T117: X | U117: TOI 2 | V117: =VLOOKUP(P117,[1]Sheet1!$B$2:$E$393,2,FALSE) -> 1 | W117: =VLOOKUP(P117,[1]Sheet1!$B$2:$E$393,3,FALSE) -> 0 | X117: =VLOOKUP(P117,[1]Sheet1!$B$2:$E$393,4,FALSE) -> 1 | AB117: 13666 | AD117: Abdul Rohman Galih Saputra | AE117: 744 | AF117: =VLOOKUP(AH117,'6'!$I$2:$J$33,2,FALSE) -> 27 | AG117: =VLOOKUP(AH117,'4'!$C$11:$F$33,2,FALSE) -> 20 | AH117: =_xlfn.CONCAT(AI117," ",AJ117) -> XI TP 1 | AI117: XI | AJ117: TP 1 | AK117: =VLOOKUP(AD117,[1]xi!$B$3:$E$208,2,FALSE) -> 0 | AL117: =VLOOKUP(AD117,[1]xi!$B$3:$E$208,3,FALSE) -> 0 | AM117: =VLOOKUP(AD117,[1]xi!$B$3:$E$208,4,FALSE) -> 0 | AN117: aktif
A118: 116 | B118: 13392 | C118: '0082868283 | D118: Erik Nor Farsin | E118: XII TP 2 | F118: 0 | G118: 0 | H118: 0 | I118: TP 2 | J118: 5 | M118: 379 | N118: 14309 | P118: Tiara Putri Sholeha | Q118: =VLOOKUP(S118,'6'!$I$2:$J$33,2,FALSE) -> 13 | R118: =VLOOKUP(S118,'4'!$C$11:$F$33,2,FALSE) -> 16 | S118: =_xlfn.CONCAT(T118," ",U118) -> X TOI 2 | T118: X | U118: TOI 2 | V118: =VLOOKUP(P118,[1]Sheet1!$B$2:$E$393,2,FALSE) -> 0 | W118: =VLOOKUP(P118,[1]Sheet1!$B$2:$E$393,3,FALSE) -> 0 | X118: =VLOOKUP(P118,[1]Sheet1!$B$2:$E$393,4,FALSE) -> 3 | AB118: 13667 | AD118: Abdullah Syarif Al Mustakim | AE118: 745 | AF118: =VLOOKUP(AH118,'6'!$I$2:$J$33,2,FALSE) -> 27 | AG118: =VLOOKUP(AH118,'4'!$C$11:$F$33,2,FALSE) -> 20 | AH118: =_xlfn.CONCAT(AI118," ",AJ118) -> XI TP 1 | AI118: XI | AJ118: TP 1 | AK118: =VLOOKUP(AD118,[1]xi!$B$3:$E$208,2,FALSE) -> 0 | AL118: =VLOOKUP(AD118,[1]xi!$B$3:$E$208,3,FALSE) -> 0 | AM118: =VLOOKUP(AD118,[1]xi!$B$3:$E$208,4,FALSE) -> 0 | AN118: aktif
A119: 117 | B119: 13393 | C119: '0087269424 | D119: Ervandita Cahyo Ardiutomo | E119: XII TP 2 | F119: 0 | G119: 0 | H119: 0 | I119: TP 2 | J119: 5 | M119: 380 | N119: 13982 | P119: Muhammad Fadly | Q119: =VLOOKUP(S119,'6'!$I$2:$J$33,2,FALSE) -> 14 | R119: =VLOOKUP(S119,'4'!$C$11:$F$33,2,FALSE) -> 18 | S119: =_xlfn.CONCAT(T119," ",U119) -> X TOI 3 | T119: X | U119: TOI 3 | V119: =VLOOKUP(P119,[1]Sheet1!$B$2:$E$393,2,FALSE) -> 0 | W119: =VLOOKUP(P119,[1]Sheet1!$B$2:$E$393,3,FALSE) -> 0 | X119: =VLOOKUP(P119,[1]Sheet1!$B$2:$E$393,4,FALSE) -> 0 | AB119: 13668 | AD119: Adam Farid Darujatun | AE119: 746 | AF119: =VLOOKUP(AH119,'6'!$I$2:$J$33,2,FALSE) -> 27 | AG119: =VLOOKUP(AH119,'4'!$C$11:$F$33,2,FALSE) -> 20 | AH119: =_xlfn.CONCAT(AI119," ",AJ119) -> XI TP 1 | AI119: XI | AJ119: TP 1 | AK119: =VLOOKUP(AD119,[1]xi!$B$3:$E$208,2,FALSE) -> 0 | AL119: =VLOOKUP(AD119,[1]xi!$B$3:$E$208,3,FALSE) -> 0 | AM119: =VLOOKUP(AD119,[1]xi!$B$3:$E$208,4,FALSE) -> 0 | AN119: aktif
... A196: 194 | B196: 13482 | C196: '0071172209 | D196: Tegar Yuvando Dwi Pratama | E196: XII TP 4 | F196: 0 | G196: 1 | H196: 2 | I196: TP 4 | J196: 7 | M196: 457 | N196: 14059 | P196: Dominix Arya Saputra | Q196: =VLOOKUP(S196,'6'!$I$2:$J$33,2,FALSE) -> 16 | R196: =VLOOKUP(S196,'4'!$C$11:$F$33,2,FALSE) -> 21 | S196: =_xlfn.CONCAT(T196," ",U196) -> X TP 2 | T196: X | U196: TP 2 | V196: =VLOOKUP(P196,[1]Sheet1!$B$2:$E$393,2,FALSE) -> 0 | W196: =VLOOKUP(P196,[1]Sheet1!$B$2:$E$393,3,FALSE) -> 0 | X196: =VLOOKUP(P196,[1]Sheet1!$B$2:$E$393,4,FALSE) -> 0 | AB196: 13750 | AD196: Muhammad Khisnullah Nabil | AE196: 823 | AF196: =VLOOKUP(AH196,'6'!$I$2:$J$33,2,FALSE) -> 29 | AG196: =VLOOKUP(AH196,'4'!$C$11:$F$33,2,FALSE) -> 23 | AH196: =_xlfn.CONCAT(AI196," ",AJ196) -> XI TP 3 | AI196: XI | AJ196: TP 3 | AK196: =VLOOKUP(AD196,[1]xi!$B$3:$E$208,2,FALSE) -> 0 | AL196: =VLOOKUP(AD196,[1]xi!$B$3:$E$208,3,FALSE) -> 0 | AM196: =VLOOKUP(AD196,[1]xi!$B$3:$E$208,4,FALSE) -> 0 | AN196: aktif
A197: 195 | B197: 13483 | C197: 71143303 | D197: Tofik Dwi Yulianto | E197: XII TP 4 | F197: 0 | G197: 0 | H197: 0 | I197: TP 4 | J197: 7 | M197: 458 | N197: 14060 | P197: Dwi Trianto | Q197: =VLOOKUP(S197,'6'!$I$2:$J$33,2,FALSE) -> 16 | R197: =VLOOKUP(S197,'4'!$C$11:$F$33,2,FALSE) -> 21 | S197: =_xlfn.CONCAT(T197," ",U197) -> X TP 2 | T197: X | U197: TP 2 | V197: =VLOOKUP(P197,[1]Sheet1!$B$2:$E$393,2,FALSE) -> 1 | W197: =VLOOKUP(P197,[1]Sheet1!$B$2:$E$393,3,FALSE) -> 0 | X197: =VLOOKUP(P197,[1]Sheet1!$B$2:$E$393,4,FALSE) -> 0 | AB197: 13751 | AD197: Muhammad Rafi Asti Rosyid | AE197: 824 | AF197: =VLOOKUP(AH197,'6'!$I$2:$J$33,2,FALSE) -> 29 | AG197: =VLOOKUP(AH197,'4'!$C$11:$F$33,2,FALSE) -> 23 | AH197: =_xlfn.CONCAT(AI197," ",AJ197) -> XI TP 3 | AI197: XI | AJ197: TP 3 | AK197: =VLOOKUP(AD197,[1]xi!$B$3:$E$208,2,FALSE) -> 0 | AL197: =VLOOKUP(AD197,[1]xi!$B$3:$E$208,3,FALSE) -> 0 | AM197: =VLOOKUP(AD197,[1]xi!$B$3:$E$208,4,FALSE) -> 0 | AN197: aktif
A198: 196 | B198: 13484 | C198: '0081724597 | D198: Tomy Waskitho Aji Prabowo | E198: XII TP 4 | F198: 1 | G198: 1 | H198: 1 | I198: TP 4 | J198: 7 | M198: 459 | N198: 14061 | P198: Dwi Yuliansah Putra | Q198: =VLOOKUP(S198,'6'!$I$2:$J$33,2,FALSE) -> 16 | R198: =VLOOKUP(S198,'4'!$C$11:$F$33,2,FALSE) -> 21 | S198: =_xlfn.CONCAT(T198," ",U198) -> X TP 2 | T198: X | U198: TP 2 | V198: =VLOOKUP(P198,[1]Sheet1!$B$2:$E$393,2,FALSE) -> 0 | W198: =VLOOKUP(P198,[1]Sheet1!$B$2:$E$393,3,FALSE) -> 0 | X198: =VLOOKUP(P198,[1]Sheet1!$B$2:$E$393,4,FALSE) -> 0 | AB198: 13752 | AD198: Muhammad Teguh Saputro | AE198: 825 | AF198: =VLOOKUP(AH198,'6'!$I$2:$J$33,2,FALSE) -> 29 | AG198: =VLOOKUP(AH198,'4'!$C$11:$F$33,2,FALSE) -> 23 | AH198: =_xlfn.CONCAT(AI198," ",AJ198) -> XI TP 3 | AI198: XI | AJ198: TP 3 | AK198: =VLOOKUP(AD198,[1]xi!$B$3:$E$208,2,FALSE) -> 0 | AL198: =VLOOKUP(AD198,[1]xi!$B$3:$E$208,3,FALSE) -> 0 | AM198: =VLOOKUP(AD198,[1]xi!$B$3:$E$208,4,FALSE) -> 0 | AN198: aktif
A199: 197 | B199: 13485 | C199: '0084881076 | D199: Valentino Febrian Saputra | E199: XII TP 4 | F199: 0 | G199: 0 | H199: 3 | I199: TP 4 | J199: 7 | M199: 460 | N199: 14062 | P199: Edvan Dimas Ardyansyah | Q199: =VLOOKUP(S199,'6'!$I$2:$J$33,2,FALSE) -> 16 | R199: =VLOOKUP(S199,'4'!$C$11:$F$33,2,FALSE) -> 21 | S199: =_xlfn.CONCAT(T199," ",U199) -> X TP 2 | T199: X | U199: TP 2 | V199: =VLOOKUP(P199,[1]Sheet1!$B$2:$E$393,2,FALSE) -> 0 | W199: =VLOOKUP(P199,[1]Sheet1!$B$2:$E$393,3,FALSE) -> 0 | X199: =VLOOKUP(P199,[1]Sheet1!$B$2:$E$393,4,FALSE) -> 0 | AB199: 13924 | AD199: Nabil Surya Harry Saputra | AE199: 826 | AF199: =VLOOKUP(AH199,'6'!$I$2:$J$33,2,FALSE) -> 29 | AG199: =VLOOKUP(AH199,'4'!$C$11:$F$33,2,FALSE) -> 23 | AH199: =_xlfn.CONCAT(AI199," ",AJ199) -> XI TP 3 | AI199: XI | AJ199: TP 3 | AK199: =VLOOKUP(AD199,[1]xi!$B$3:$E$208,2,FALSE) -> 0 | AL199: =VLOOKUP(AD199,[1]xi!$B$3:$E$208,3,FALSE) -> 0 | AM199: =VLOOKUP(AD199,[1]xi!$B$3:$E$208,4,FALSE) -> 0 | AN199: aktif
A200: 198 | B200: 13486 | C200: '0081977438 | D200: Vicky Tegar | E200: XII TP 4 | F200: 0 | G200: 0 | H200: 0 | I200: TP 4 | J200: 7 | M200: 461 | N200: 14063 | P200: Fahyin Akhil Mustofa | Q200: =VLOOKUP(S200,'6'!$I$2:$J$33,2,FALSE) -> 16 | R200: =VLOOKUP(S200,'4'!$C$11:$F$33,2,FALSE) -> 21 | S200: =_xlfn.CONCAT(T200," ",U200) -> X TP 2 | T200: X | U200: TP 2 | V200: =VLOOKUP(P200,[1]Sheet1!$B$2:$E$393,2,FALSE) -> 0 | W200: =VLOOKUP(P200,[1]Sheet1!$B$2:$E$393,3,FALSE) -> 0 | X200: =VLOOKUP(P200,[1]Sheet1!$B$2:$E$393,4,FALSE) -> 0 | AB200: 13755 | AD200: Nando Eko Prasetyo | AE200: 827 | AF200: =VLOOKUP(AH200,'6'!$I$2:$J$33,2,FALSE) -> 29 | AG200: =VLOOKUP(AH200,'4'!$C$11:$F$33,2,FALSE) -> 23 | AH200: =_xlfn.CONCAT(AI200," ",AJ200) -> XI TP 3 | AI200: XI | AJ200: TP 3 | AK200: =VLOOKUP(AD200,[1]xi!$B$3:$E$208,2,FALSE) -> 1 | AL200: =VLOOKUP(AD200,[1]xi!$B$3:$E$208,3,FALSE) -> 1 | AM200: =VLOOKUP(AD200,[1]xi!$B$3:$E$208,4,FALSE) -> 1 | AN200: aktif
A201: 199 | B201: 13487 | C201: '0075236477 | D201: Wildan Alif Juliansyah | E201: XII TP 4 | F201: 0 | G201: 0 | H201: 1 | I201: TP 4 | J201: 7 | M201: 462 | N201: 14064 | P201: Faishal Raihaan Al Barraa | Q201: =VLOOKUP(S201,'6'!$I$2:$J$33,2,FALSE) -> 16 | R201: =VLOOKUP(S201,'4'!$C$11:$F$33,2,FALSE) -> 21 | S201: =_xlfn.CONCAT(T201," ",U201) -> X TP 2 | T201: X | U201: TP 2 | V201: =VLOOKUP(P201,[1]Sheet1!$B$2:$E$393,2,FALSE) -> 0 | W201: =VLOOKUP(P201,[1]Sheet1!$B$2:$E$393,3,FALSE) -> 0 | X201: =VLOOKUP(P201,[1]Sheet1!$B$2:$E$393,4,FALSE) -> 0 | AB201: 13756 | AD201: Nazriel Putra Wijar Prasetya | AE201: 828 | AF201: =VLOOKUP(AH201,'6'!$I$2:$J$33,2,FALSE) -> 29 | AG201: =VLOOKUP(AH201,'4'!$C$11:$F$33,2,FALSE) -> 23 | AH201: =_xlfn.CONCAT(AI201," ",AJ201) -> XI TP 3 | AI201: XI | AJ201: TP 3 | AK201: =VLOOKUP(AD201,[1]xi!$B$3:$E$208,2,FALSE) -> 0 | AL201: =VLOOKUP(AD201,[1]xi!$B$3:$E$208,3,FALSE) -> 0 | AM201: =VLOOKUP(AD201,[1]xi!$B$3:$E$208,4,FALSE) -> 0 | AN201: aktif
A202: 200 | B202: 13488 | C202: '0071571891 | D202: Willy Hariwijaya | E202: XII TP 4 | F202: 1 | G202: 0 | H202: 0 | I202: TP 4 | J202: 7 | M202: 463 | N202: 14065 | P202: Faiz Alfariz Sudiro | Q202: =VLOOKUP(S202,'6'!$I$2:$J$33,2,FALSE) -> 16 | R202: =VLOOKUP(S202,'4'!$C$11:$F$33,2,FALSE) -> 21 | S202: =_xlfn.CONCAT(T202," ",U202) -> X TP 2 | T202: X | U202: TP 2 | V202: =VLOOKUP(P202,[1]Sheet1!$B$2:$E$393,2,FALSE) -> 0 | W202: =VLOOKUP(P202,[1]Sheet1!$B$2:$E$393,3,FALSE) -> 0 | X202: =VLOOKUP(P202,[1]Sheet1!$B$2:$E$393,4,FALSE) -> 0 | AB202: 13757 | AD202: Noval Moses Mairi | AE202: 829 | AF202: =VLOOKUP(AH202,'6'!$I$2:$J$33,2,FALSE) -> 29 | AG202: =VLOOKUP(AH202,'4'!$C$11:$F$33,2,FALSE) -> 23 | AH202: =_xlfn.CONCAT(AI202," ",AJ202) -> XI TP 3 | AI202: XI | AJ202: TP 3 | AK202: =VLOOKUP(AD202,[1]xi!$B$3:$E$208,2,FALSE) -> 0 | AL202: =VLOOKUP(AD202,[1]xi!$B$3:$E$208,3,FALSE) -> 0 | AM202: =VLOOKUP(AD202,[1]xi!$B$3:$E$208,4,FALSE) -> 3 | AN202: aktif
A203: 201 | B203: 13490 | C203: '0083138917 | D203: Zafrizal Muhammad Raply | E203: XII TP 4 | F203: 0 | G203: 0 | H203: 2 | I203: TP 4 | J203: 7 | M203: 464 | N203: 14066 | P203: Faiz Nur Khoirudin | Q203: =VLOOKUP(S203,'6'!$I$2:$J$33,2,FALSE) -> 16 | R203: =VLOOKUP(S203,'4'!$C$11:$F$33,2,FALSE) -> 21 | S203: =_xlfn.CONCAT(T203," ",U203) -> X TP 2 | T203: X | U203: TP 2 | V203: =VLOOKUP(P203,[1]Sheet1!$B$2:$E$393,2,FALSE) -> 0 | W203: =VLOOKUP(P203,[1]Sheet1!$B$2:$E$393,3,FALSE) -> 0 | X203: =VLOOKUP(P203,[1]Sheet1!$B$2:$E$393,4,FALSE) -> 0 | AB203: 13758 | AD203: Novanza Fatehaqy Prakosa | AE203: 830 | AF203: =VLOOKUP(AH203,'6'!$I$2:$J$33,2,FALSE) -> 29 | AG203: =VLOOKUP(AH203,'4'!$C$11:$F$33,2,FALSE) -> 23 | AH203: =_xlfn.CONCAT(AI203," ",AJ203) -> XI TP 3 | AI203: XI | AJ203: TP 3 | AK203: =VLOOKUP(AD203,[1]xi!$B$3:$E$208,2,FALSE) -> 0 | AL203: =VLOOKUP(AD203,[1]xi!$B$3:$E$208,3,FALSE) -> 0 | AM203: =VLOOKUP(AD203,[1]xi!$B$3:$E$208,4,FALSE) -> 0 | AN203: aktif
A204: 202 | B204: 13524 | C204: '0085991382 | D204: Achmad Riffai Wisnu Mukti | E204: XII TSM 1 | F204: 0 | G204: 0 | H204: 2 | I204: TSM 1 | J204: 8 | M204: 465 | N204: 14067 | P204: Fajar Abdi Maulana | Q204: =VLOOKUP(S204,'6'!$I$2:$J$33,2,FALSE) -> 16 | R204: =VLOOKUP(S204,'4'!$C$11:$F$33,2,FALSE) -> 21 | S204: =_xlfn.CONCAT(T204," ",U204) -> X TP 2 | T204: X | U204: TP 2 | V204: =VLOOKUP(P204,[1]Sheet1!$B$2:$E$393,2,FALSE) -> 0 | W204: =VLOOKUP(P204,[1]Sheet1!$B$2:$E$393,3,FALSE) -> 0 | X204: =VLOOKUP(P204,[1]Sheet1!$B$2:$E$393,4,FALSE) -> 0 | AB204: 13759 | AD204: Nur Hidayah Saputra | AE204: 831 | AF204: =VLOOKUP(AH204,'6'!$I$2:$J$33,2,FALSE) -> 29 | AG204: =VLOOKUP(AH204,'4'!$C$11:$F$33,2,FALSE) -> 23 | AH204: =_xlfn.CONCAT(AI204," ",AJ204) -> XI TP 3 | AI204: XI | AJ204: TP 3 | AK204: =VLOOKUP(AD204,[1]xi!$B$3:$E$208,2,FALSE) -> 1 | AL204: =VLOOKUP(AD204,[1]xi!$B$3:$E$208,3,FALSE) -> 0 | AM204: =VLOOKUP(AD204,[1]xi!$B$3:$E$208,4,FALSE) -> 1 | AN204: aktif
A205: 203 | B205: 13525 | C205: '0086630669 | D205: Adnan Galih Saputra | E205: XII TSM 1 | F205: 0 | G205: 0 | H205: 3 | I205: TSM 1 | J205: 8 | M205: 466 | N205: 14068 | P205: Farel Arinanto Saputro | Q205: =VLOOKUP(S205,'6'!$I$2:$J$33,2,FALSE) -> 16 | R205: =VLOOKUP(S205,'4'!$C$11:$F$33,2,FALSE) -> 21 | S205: =_xlfn.CONCAT(T205," ",U205) -> X TP 2 | T205: X | U205: TP 2 | V205: =VLOOKUP(P205,[1]Sheet1!$B$2:$E$393,2,FALSE) -> 1 | W205: =VLOOKUP(P205,[1]Sheet1!$B$2:$E$393,3,FALSE) -> 0 | X205: =VLOOKUP(P205,[1]Sheet1!$B$2:$E$393,4,FALSE) -> 0 | AB205: 13760 | AD205: Orlando Al Ghazaly | AE205: 832 | AF205: =VLOOKUP(AH205,'6'!$I$2:$J$33,2,FALSE) -> 29 | AG205: =VLOOKUP(AH205,'4'!$C$11:$F$33,2,FALSE) -> 23 | AH205: =_xlfn.CONCAT(AI205," ",AJ205) -> XI TP 3 | AI205: XI | AJ205: TP 3 | AK205: =VLOOKUP(AD205,[1]xi!$B$3:$E$208,2,FALSE) -> 1 | AL205: =VLOOKUP(AD205,[1]xi!$B$3:$E$208,3,FALSE) -> 1 | AM205: =VLOOKUP(AD205,[1]xi!$B$3:$E$208,4,FALSE) -> 1 | AN205: aktif
A206: 204 | B206: 13526 | C206: '0081428397 | D206: Ahmad Khoirul Huda | E206: XII TSM 1 | F206: 0 | G206: 0 | H206: 3 | I206: TSM 1 | J206: 8 | M206: 467 | N206: 14069 | P206: Farid Nur Rahman | Q206: =VLOOKUP(S206,'6'!$I$2:$J$33,2,FALSE) -> 17 | R206: =VLOOKUP(S206,'4'!$C$11:$F$33,2,FALSE) -> 24 | S206: =_xlfn.CONCAT(T206," ",U206) -> X TP 3 | T206: X | U206: TP 3 | V206: =VLOOKUP(P206,[1]Sheet1!$B$2:$E$393,2,FALSE) -> 0 | W206: =VLOOKUP(P206,[1]Sheet1!$B$2:$E$393,3,FALSE) -> 0 | X206: =VLOOKUP(P206,[1]Sheet1!$B$2:$E$393,4,FALSE) -> 0 | AB206: 13761 | AD206: Pandu Wicaksono | AE206: 833 | AF206: =VLOOKUP(AH206,'6'!$I$2:$J$33,2,FALSE) -> 29 | AG206: =VLOOKUP(AH206,'4'!$C$11:$F$33,2,FALSE) -> 23 | AH206: =_xlfn.CONCAT(AI206," ",AJ206) -> XI TP 3 | AI206: XI | AJ206: TP 3 | AK206: =VLOOKUP(AD206,[1]xi!$B$3:$E$208,2,FALSE) -> 0 | AL206: =VLOOKUP(AD206,[1]xi!$B$3:$E$208,3,FALSE) -> 0 | AM206: =VLOOKUP(AD206,[1]xi!$B$3:$E$208,4,FALSE) -> 0 | AN206: aktif
A207: 205 | B207: 13527 | C207: '0076655136 | D207: Ahmad Rifai Rendiansah | E207: XII TSM 1 | F207: 0 | G207: 0 | H207: 0 | I207: TSM 1 | J207: 8 | M207: 468 | N207: 14070 | P207: Farouq Maulana Mahardhika | Q207: =VLOOKUP(S207,'6'!$I$2:$J$33,2,FALSE) -> 17 | R207: =VLOOKUP(S207,'4'!$C$11:$F$33,2,FALSE) -> 24 | S207: =_xlfn.CONCAT(T207," ",U207) -> X TP 3 | T207: X | U207: TP 3 | V207: =VLOOKUP(P207,[1]Sheet1!$B$2:$E$393,2,FALSE) -> 0 | W207: =VLOOKUP(P207,[1]Sheet1!$B$2:$E$393,3,FALSE) -> 0 | X207: =VLOOKUP(P207,[1]Sheet1!$B$2:$E$393,4,FALSE) -> 0 | AB207: 13762 | AD207: Patuh Bagiono Nurjaya | AE207: 834 | AF207: =VLOOKUP(AH207,'6'!$I$2:$J$33,2,FALSE) -> 29 | AG207: =VLOOKUP(AH207,'4'!$C$11:$F$33,2,FALSE) -> 23 | AH207: =_xlfn.CONCAT(AI207," ",AJ207) -> XI TP 3 | AI207: XI | AJ207: TP 3 | AK207: =VLOOKUP(AD207,[1]xi!$B$3:$E$208,2,FALSE) -> 0 | AL207: =VLOOKUP(AD207,[1]xi!$B$3:$E$208,3,FALSE) -> 2 | AM207: =VLOOKUP(AD207,[1]xi!$B$3:$E$208,4,FALSE) -> 0 | AN207: aktif
A208: 206 | B208: 13528 | C208: '0088937675 | D208: Akhbar Rafa Al Gama | E208: XII TSM 1 | F208: 0 | G208: 1 | H208: 2 | I208: TSM 1 | J208: 8 | M208: 469 | N208: 14071 | P208: Farros Naufa `ammar | Q208: =VLOOKUP(S208,'6'!$I$2:$J$33,2,FALSE) -> 17 | R208: =VLOOKUP(S208,'4'!$C$11:$F$33,2,FALSE) -> 24 | S208: =_xlfn.CONCAT(T208," ",U208) -> X TP 3 | T208: X | U208: TP 3 | V208: =VLOOKUP(P208,[1]Sheet1!$B$2:$E$393,2,FALSE) -> 0 | W208: =VLOOKUP(P208,[1]Sheet1!$B$2:$E$393,3,FALSE) -> 0 | X208: =VLOOKUP(P208,[1]Sheet1!$B$2:$E$393,4,FALSE) -> 0 | AB208: 13763 | AD208: Prananda Torres Pradita | AE208: 835 | AF208: =VLOOKUP(AH208,'6'!$I$2:$J$33,2,FALSE) -> 29 | AG208: =VLOOKUP(AH208,'4'!$C$11:$F$33,2,FALSE) -> 23 | AH208: =_xlfn.CONCAT(AI208," ",AJ208) -> XI TP 3 | AI208: XI | AJ208: TP 3 | AK208: =VLOOKUP(AD208,[1]xi!$B$3:$E$208,2,FALSE) -> 0 | AL208: =VLOOKUP(AD208,[1]xi!$B$3:$E$208,3,FALSE) -> 0 | AM208: =VLOOKUP(AD208,[1]xi!$B$3:$E$208,4,FALSE) -> 3 | AN208: aktif
A209: 207 | B209: 13529 | C209: '0083703792 | D209: Alfi Nur Maulana | E209: XII TSM 1 | F209: 0 | G209: 1 | H209: 0 | I209: TSM 1 | J209: 8 | M209: 470 | N209: 14072 | P209: Fattansyah Putra Pratama | Q209: =VLOOKUP(S209,'6'!$I$2:$J$33,2,FALSE) -> 17 | R209: =VLOOKUP(S209,'4'!$C$11:$F$33,2,FALSE) -> 24 | S209: =_xlfn.CONCAT(T209," ",U209) -> X TP 3 | T209: X | U209: TP 3 | V209: =VLOOKUP(P209,[1]Sheet1!$B$2:$E$393,2,FALSE) -> 3 | W209: =VLOOKUP(P209,[1]Sheet1!$B$2:$E$393,3,FALSE) -> 0 | X209: =VLOOKUP(P209,[1]Sheet1!$B$2:$E$393,4,FALSE) -> 0 | AB209: 13764 | AD209: Praska Bethan Handoko | AE209: 836 | AF209: =VLOOKUP(AH209,'6'!$I$2:$J$33,2,FALSE) -> 29 | AG209: =VLOOKUP(AH209,'4'!$C$11:$F$33,2,FALSE) -> 23 | AH209: =_xlfn.CONCAT(AI209," ",AJ209) -> XI TP 3 | AI209: XI | AJ209: TP 3 | AK209: =VLOOKUP(AD209,[1]xi!$B$3:$E$208,2,FALSE) -> 0 | AL209: =VLOOKUP(AD209,[1]xi!$B$3:$E$208,3,FALSE) -> 0 | AM209: =VLOOKUP(AD209,[1]xi!$B$3:$E$208,4,FALSE) -> 3 | AN209: aktif
... A265: 263 | B265: 13588 | C265: '0084496304 | D265: Yusuf Abdul Rochman Prasetyo | E265: XII TSM 2 | F265: 0 | G265: 0 | H265: 0 | I265: TSM 2 | J265: 9 | M265: 526 | N265: 14130 | P265: Richo Rama Adhitya | Q265: =VLOOKUP(S265,'6'!$I$2:$J$33,2,FALSE) -> 18 | R265: =VLOOKUP(S265,'4'!$C$11:$F$33,2,FALSE) -> 25 | S265: =_xlfn.CONCAT(T265," ",U265) -> X TP 4 | T265: X | U265: TP 4 | V265: =VLOOKUP(P265,[1]Sheet1!$B$2:$E$393,2,FALSE) -> 0 | W265: =VLOOKUP(P265,[1]Sheet1!$B$2:$E$393,3,FALSE) -> 0 | X265: =VLOOKUP(P265,[1]Sheet1!$B$2:$E$393,4,FALSE) -> 0 | AB265: 13868 | AD265: Danang Aji Wibowo | AE265: 892 | AF265: =VLOOKUP(AH265,'6'!$I$2:$J$33,2,FALSE) -> 31 | AG265: =VLOOKUP(AH265,'4'!$C$11:$F$33,2,FALSE) -> 29 | AH265: =_xlfn.CONCAT(AI265," ",AJ265) -> XI TSM 1 | AI265: XI | AJ265: TSM 1 | AK265: =VLOOKUP(AD265,[1]xi!$B$3:$E$208,2,FALSE) -> 0 | AL265: =VLOOKUP(AD265,[1]xi!$B$3:$E$208,3,FALSE) -> 0 | AM265: =VLOOKUP(AD265,[1]xi!$B$3:$E$208,4,FALSE) -> 0 | AN265: aktif
M266: 527 | N266: 14131 | P266: Rifai Maulana Syah | Q266: =VLOOKUP(S266,'6'!$I$2:$J$33,2,FALSE) -> 19 | R266: =VLOOKUP(S266,'4'!$C$11:$F$33,2,FALSE) -> 27 | S266: =_xlfn.CONCAT(T266," ",U266) -> X TP 5 | T266: X | U266: TP 5 | V266: =VLOOKUP(P266,[1]Sheet1!$B$2:$E$393,2,FALSE) -> 0 | W266: =VLOOKUP(P266,[1]Sheet1!$B$2:$E$393,3,FALSE) -> 0 | X266: =VLOOKUP(P266,[1]Sheet1!$B$2:$E$393,4,FALSE) -> 0 | AB266: 13869 | AD266: David Rizal Fadhila | AE266: 893 | AF266: =VLOOKUP(AH266,'6'!$I$2:$J$33,2,FALSE) -> 31 | AG266: =VLOOKUP(AH266,'4'!$C$11:$F$33,2,FALSE) -> 29 | AH266: =_xlfn.CONCAT(AI266," ",AJ266) -> XI TSM 1 | AI266: XI | AJ266: TSM 1 | AK266: =VLOOKUP(AD266,[1]xi!$B$3:$E$208,2,FALSE) -> 0 | AL266: =VLOOKUP(AD266,[1]xi!$B$3:$E$208,3,FALSE) -> 1 | AM266: =VLOOKUP(AD266,[1]xi!$B$3:$E$208,4,FALSE) -> 2 | AN266: aktif
...

Sheet 7
B1: student_id | E1: class_id | G1: school_year | J1: semester | M1: class_advisor_id | P1: class_advisor_note | Q1: status
A2: {student_id: | B2: 1 | C2: , | D2: class_id: | E2: 1 | F2: ,school_year: | G2: "2025/2026" | H2: , | I2: semester: | J2: 6 | K2: , | L2: class_advisor_id: | M2: 1 | N2: ,class_advisor_note: | O2: "Kemampuan teknis Ananda sudah sangat baik. Pertahankan kedisiplinan dan profesionalisme yang telah terbentuk untuk menyongsong masa depan. Sukses selalu untuk langkah selanjutnya", | P2: status: | Q2: "lulus" | R2: }, | S2: {student_id:1,class_id:1,school_year:"2025/2026",semester:6,class_advisor_id:1,class_advisor_note:"Kemampuan teknis Ananda sudah sangat baik. Pertahankan kedisiplinan dan profesionalisme yang telah terbentuk untuk menyongsong masa depan. Sukses selalu untuk langkah selanjutnya",status:"lulus"},
A3: {student_id: | B3: 2 | C3: , | D3: class_id: | E3: 1 | F3: ,school_year: | G3: "2025/2026" | H3: , | I3: semester: | J3: 6 | K3: , | L3: class_advisor_id: | M3: 1 | N3: ,class_advisor_note: | O3: "Kemampuan teknis Ananda sudah sangat baik. Pertahankan kedisiplinan dan profesionalisme yang telah terbentuk untuk menyongsong masa depan. Sukses selalu untuk langkah selanjutnya", | P3: status: | Q3: "lulus" | R3: }, | S3: {student_id:2,class_id:1,school_year:"2025/2026",semester:6,class_advisor_id:1,class_advisor_note:"Kemampuan teknis Ananda sudah sangat baik. Pertahankan kedisiplinan dan profesionalisme yang telah terbentuk untuk menyongsong masa depan. Sukses selalu untuk langkah selanjutnya",status:"lulus"},
A4: {student_id: | B4: 3 | C4: , | D4: class_id: | E4: 1 | F4: ,school_year: | G4: "2025/2026" | H4: , | I4: semester: | J4: 6 | K4: , | L4: class_advisor_id: | M4: 1 | N4: ,class_advisor_note: | O4: "Kemampuan teknis Ananda sudah sangat baik. Pertahankan kedisiplinan dan profesionalisme yang telah terbentuk untuk menyongsong masa depan. Sukses selalu untuk langkah selanjutnya", | P4: status: | Q4: "lulus" | R4: }, | S4: {student_id:3,class_id:1,school_year:"2025/2026",semester:6,class_advisor_id:1,class_advisor_note:"Kemampuan teknis Ananda sudah sangat baik. Pertahankan kedisiplinan dan profesionalisme yang telah terbentuk untuk menyongsong masa depan. Sukses selalu untuk langkah selanjutnya",status:"lulus"},
A5: {student_id: | B5: 4 | C5: , | D5: class_id: | E5: 1 | F5: ,school_year: | G5: "2025/2026" | H5: , | I5: semester: | J5: 6 | K5: , | L5: class_advisor_id: | M5: 1 | N5: ,class_advisor_note: | O5: "Kemampuan teknis Ananda sudah sangat baik. Pertahankan kedisiplinan dan profesionalisme yang telah terbentuk untuk menyongsong masa depan. Sukses selalu untuk langkah selanjutnya", | P5: status: | Q5: "lulus" | R5: }, | S5: {student_id:4,class_id:1,school_year:"2025/2026",semester:6,class_advisor_id:1,class_advisor_note:"Kemampuan teknis Ananda sudah sangat baik. Pertahankan kedisiplinan dan profesionalisme yang telah terbentuk untuk menyongsong masa depan. Sukses selalu untuk langkah selanjutnya",status:"lulus"},
A6: {student_id: | B6: 5 | C6: , | D6: class_id: | E6: 1 | F6: ,school_year: | G6: "2025/2026" | H6: , | I6: semester: | J6: 6 | K6: , | L6: class_advisor_id: | M6: 1 | N6: ,class_advisor_note: | O6: "Kemampuan teknis Ananda sudah sangat baik. Pertahankan kedisiplinan dan profesionalisme yang telah terbentuk untuk menyongsong masa depan. Sukses selalu untuk langkah selanjutnya", | P6: status: | Q6: "lulus" | R6: }, | S6: {student_id:5,class_id:1,school_year:"2025/2026",semester:6,class_advisor_id:1,class_advisor_note:"Kemampuan teknis Ananda sudah sangat baik. Pertahankan kedisiplinan dan profesionalisme yang telah terbentuk untuk menyongsong masa depan. Sukses selalu untuk langkah selanjutnya",status:"lulus"},
A7: {student_id: | B7: 6 | C7: , | D7: class_id: | E7: 1 | F7: ,school_year: | G7: "2025/2026" | H7: , | I7: semester: | J7: 6 | K7: , | L7: class_advisor_id: | M7: 1 | N7: ,class_advisor_note: | O7: "Kemampuan teknis Ananda sudah sangat baik. Pertahankan kedisiplinan dan profesionalisme yang telah terbentuk untuk menyongsong masa depan. Sukses selalu untuk langkah selanjutnya", | P7: status: | Q7: "lulus" | R7: }, | S7: {student_id:6,class_id:1,school_year:"2025/2026",semester:6,class_advisor_id:1,class_advisor_note:"Kemampuan teknis Ananda sudah sangat baik. Pertahankan kedisiplinan dan profesionalisme yang telah terbentuk untuk menyongsong masa depan. Sukses selalu untuk langkah selanjutnya",status:"lulus"},
A8: {student_id: | B8: 7 | C8: , | D8: class_id: | E8: 1 | F8: ,school_year: | G8: "2025/2026" | H8: , | I8: semester: | J8: 6 | K8: , | L8: class_advisor_id: | M8: 1 | N8: ,class_advisor_note: | O8: "Kemampuan teknis Ananda sudah sangat baik. Pertahankan kedisiplinan dan profesionalisme yang telah terbentuk untuk menyongsong masa depan. Sukses selalu untuk langkah selanjutnya", | P8: status: | Q8: "lulus" | R8: }, | S8: {student_id:7,class_id:1,school_year:"2025/2026",semester:6,class_advisor_id:1,class_advisor_note:"Kemampuan teknis Ananda sudah sangat baik. Pertahankan kedisiplinan dan profesionalisme yang telah terbentuk untuk menyongsong masa depan. Sukses selalu untuk langkah selanjutnya",status:"lulus"},
A9: {student_id: | B9: 8 | C9: , | D9: class_id: | E9: 1 | F9: ,school_year: | G9: "2025/2026" | H9: , | I9: semester: | J9: 6 | K9: , | L9: class_advisor_id: | M9: 1 | N9: ,class_advisor_note: | O9: "Kemampuan teknis Ananda sudah sangat baik. Pertahankan kedisiplinan dan profesionalisme yang telah terbentuk untuk menyongsong masa depan. Sukses selalu untuk langkah selanjutnya", | P9: status: | Q9: "lulus" | R9: }, | S9: {student_id:8,class_id:1,school_year:"2025/2026",semester:6,class_advisor_id:1,class_advisor_note:"Kemampuan teknis Ananda sudah sangat baik. Pertahankan kedisiplinan dan profesionalisme yang telah terbentuk untuk menyongsong masa depan. Sukses selalu untuk langkah selanjutnya",status:"lulus"},
A10: {student_id: | B10: 9 | C10: , | D10: class_id: | E10: 1 | F10: ,school_year: | G10: "2025/2026" | H10: , | I10: semester: | J10: 6 | K10: , | L10: class_advisor_id: | M10: 1 | N10: ,class_advisor_note: | O10: "Kemampuan teknis Ananda sudah sangat baik. Pertahankan kedisiplinan dan profesionalisme yang telah terbentuk untuk menyongsong masa depan. Sukses selalu untuk langkah selanjutnya", | P10: status: | Q10: "lulus" | R10: }, | S10: {student_id:9,class_id:1,school_year:"2025/2026",semester:6,class_advisor_id:1,class_advisor_note:"Kemampuan teknis Ananda sudah sangat baik. Pertahankan kedisiplinan dan profesionalisme yang telah terbentuk untuk menyongsong masa depan. Sukses selalu untuk langkah selanjutnya",status:"lulus"},
A11: {student_id: | B11: 10 | C11: , | D11: class_id: | E11: 1 | F11: ,school_year: | G11: "2025/2026" | H11: , | I11: semester: | J11: 6 | K11: , | L11: class_advisor_id: | M11: 1 | N11: ,class_advisor_note: | O11: "Kemampuan teknis Ananda sudah sangat baik. Pertahankan kedisiplinan dan profesionalisme yang telah terbentuk untuk menyongsong masa depan. Sukses selalu untuk langkah selanjutnya", | P11: status: | Q11: "lulus" | R11: }, | S11: {student_id:10,class_id:1,school_year:"2025/2026",semester:6,class_advisor_id:1,class_advisor_note:"Kemampuan teknis Ananda sudah sangat baik. Pertahankan kedisiplinan dan profesionalisme yang telah terbentuk untuk menyongsong masa depan. Sukses selalu untuk langkah selanjutnya",status:"lulus"},
A12: {student_id: | B12: 11 | C12: , | D12: class_id: | E12: 1 | F12: ,school_year: | G12: "2025/2026" | H12: , | I12: semester: | J12: 6 | K12: , | L12: class_advisor_id: | M12: 1 | N12: ,class_advisor_note: | O12: "Kemampuan teknis Ananda sudah sangat baik. Pertahankan kedisiplinan dan profesionalisme yang telah terbentuk untuk menyongsong masa depan. Sukses selalu untuk langkah selanjutnya", | P12: status: | Q12: "lulus" | R12: }, | S12: {student_id:11,class_id:1,school_year:"2025/2026",semester:6,class_advisor_id:1,class_advisor_note:"Kemampuan teknis Ananda sudah sangat baik. Pertahankan kedisiplinan dan profesionalisme yang telah terbentuk untuk menyongsong masa depan. Sukses selalu untuk langkah selanjutnya",status:"lulus"},
A13: {student_id: | B13: 12 | C13: , | D13: class_id: | E13: 1 | F13: ,school_year: | G13: "2025/2026" | H13: , | I13: semester: | J13: 6 | K13: , | L13: class_advisor_id: | M13: 1 | N13: ,class_advisor_note: | O13: "Kemampuan teknis Ananda sudah sangat baik. Pertahankan kedisiplinan dan profesionalisme yang telah terbentuk untuk menyongsong masa depan. Sukses selalu untuk langkah selanjutnya", | P13: status: | Q13: "lulus" | R13: }, | S13: {student_id:12,class_id:1,school_year:"2025/2026",semester:6,class_advisor_id:1,class_advisor_note:"Kemampuan teknis Ananda sudah sangat baik. Pertahankan kedisiplinan dan profesionalisme yang telah terbentuk untuk menyongsong masa depan. Sukses selalu untuk langkah selanjutnya",status:"lulus"},
... A264: {student_id: | B264: 263 | C264: , | D264: class_id: | E264: 9 | F264: ,school_year: | G264: "2025/2026" | H264: , | I264: semester: | J264: 6 | K264: , | L264: class_advisor_id: | M264: 9 | N264: ,class_advisor_note: | O264: "Kemampuan teknis Ananda sudah sangat baik. Pertahankan kedisiplinan dan profesionalisme yang telah terbentuk untuk menyongsong masa depan. Sukses selalu untuk langkah selanjutnya", | P264: status: | Q264: "lulus" | R264: }, | S264: {student_id:263,class_id:9,school_year:"2025/2026",semester:6,class_advisor_id:9,class_advisor_note:"Kemampuan teknis Ananda sudah sangat baik. Pertahankan kedisiplinan dan profesionalisme yang telah terbentuk untuk menyongsong masa depan. Sukses selalu untuk langkah selanjutnya",status:"lulus"},

Sheet 8
B1: history_id | D1: sakit | F1: izin | H1: alpa
A2: {history_id: | B2: 1 | C2: ,sakit: | D2: 0 | E2: ,izin: | F2: 0 | G2: ,alpa: | H2: 3 | I2: }, | J2: {history_id:1,sakit:0,izin:0,alpa:3},
A3: {history_id: | B3: 2 | C3: ,sakit: | D3: 0 | E3: ,izin: | F3: 0 | G3: ,alpa: | H3: 0 | I3: }, | J3: {history_id:2,sakit:0,izin:0,alpa:0},
A4: {history_id: | B4: 3 | C4: ,sakit: | D4: 0 | E4: ,izin: | F4: 0 | G4: ,alpa: | H4: 0 | I4: }, | J4: {history_id:3,sakit:0,izin:0,alpa:0},
A5: {history_id: | B5: 4 | C5: ,sakit: | D5: 0 | E5: ,izin: | F5: 0 | G5: ,alpa: | H5: 3 | I5: }, | J5: {history_id:4,sakit:0,izin:0,alpa:3},
A6: {history_id: | B6: 5 | C6: ,sakit: | D6: 0 | E6: ,izin: | F6: 0 | G6: ,alpa: | H6: 0 | I6: }, | J6: {history_id:5,sakit:0,izin:0,alpa:0},
A7: {history_id: | B7: 6 | C7: ,sakit: | D7: 1 | E7: ,izin: | F7: 0 | G7: ,alpa: | H7: 2 | I7: }, | J7: {history_id:6,sakit:1,izin:0,alpa:2},
A8: {history_id: | B8: 7 | C8: ,sakit: | D8: 0 | E8: ,izin: | F8: 0 | G8: ,alpa: | H8: 3 | I8: }, | J8: {history_id:7,sakit:0,izin:0,alpa:3},
A9: {history_id: | B9: 8 | C9: ,sakit: | D9: 0 | E9: ,izin: | F9: 0 | G9: ,alpa: | H9: 0 | I9: }, | J9: {history_id:8,sakit:0,izin:0,alpa:0},
A10: {history_id: | B10: 9 | C10: ,sakit: | D10: 0 | E10: ,izin: | F10: 0 | G10: ,alpa: | H10: 2 | I10: }, | J10: {history_id:9,sakit:0,izin:0,alpa:2},
A11: {history_id: | B11: 10 | C11: ,sakit: | D11: 0 | E11: ,izin: | F11: 1 | G11: ,alpa: | H11: 2 | I11: }, | J11: {history_id:10,sakit:0,izin:1,alpa:2},
A12: {history_id: | B12: 11 | C12: ,sakit: | D12: 0 | E12: ,izin: | F12: 0 | G12: ,alpa: | H12: 1 | I12: }, | J12: {history_id:11,sakit:0,izin:0,alpa:1},
A13: {history_id: | B13: 12 | C13: ,sakit: | D13: 0 | E13: ,izin: | F13: 0 | G13: ,alpa: | H13: 1 | I13: }, | J13: {history_id:12,sakit:0,izin:0,alpa:1},
... A264: {history_id: | B264: 263 | C264: ,sakit: | D264: 0 | E264: ,izin: | F264: 0 | G264: ,alpa: | H264: 0 | I264: }, | J264: {history_id:263,sakit:0,izin:0,alpa:0},

Sheet 9
B1: history_id | D1: subject_id | F1: numeric_grade | I1: letter_grade | L1: grade_type | N1: achievement_id | P1: gabung | AI1: "},
A2: {history_id: | B2: 1 | C2: ,subject_id: | D2: 1 | E2: ,numeric_grade: | F2: 87 | G2: ,letter_grade: | H2: " | J2: " | K2: ,grade_type: | L2: "Nilai Akhir" | M2: ,achievement_id: | N2: 1 | O2: }, | P2: {history_id:1,subject_id:1,numeric_grade:87,letter_grade:"",grade_type:"Nilai Akhir",achievements_id:1}, | AF2: id | AG2: subject_id | AH2: competency_achievement
A3: {history_id: | B3: 2 | C3: ,subject_id: | D3: 1 | E3: ,numeric_grade: | F3: 87 | G3: ,letter_grade: | H3: " | J3: " | K3: ,grade_type: | L3: "Nilai Akhir" | M3: ,achievement_id: | N3: 1 | O3: }, | P3: {history_id:2,subject_id:1,numeric_grade:87,letter_grade:"",grade_type:"Nilai Akhir",achievements_id:1}, | AE3: 1 | AF3: 1 | AG3: Pendidikan Agama Islam dan Budi Pekerti | AH3: Menguasai hukum nikah dan waris Islam, konsisten berdakwah secara damai, serta selalu menerapkan budi pekerti mulia dalam kehidupan sehari-hari dengan sangat baik.
A4: {history_id: | B4: 3 | C4: ,subject_id: | D4: 3 | E4: ,numeric_grade: | F4: 89 | G4: ,letter_grade: | H4: " | J4: " | K4: ,grade_type: | L4: "Nilai Akhir" | M4: ,achievement_id: | N4: 3 | O4: }, | P4: {history_id:3,subject_id:3,numeric_grade:89,letter_grade:"",grade_type:"Nilai Akhir",achievements_id:3}, | AE4: 2 | AF4: 2 | AG4: Pendidikan Agama Hindu dan Budi Pekerti | AH4: Menguasai konsep Tri Hita Karana & Tat Twam Asi untuk harmoni sosial, memahami ajaran Moksa sebagai tujuan tertinggi, serta konsisten menerapkan perilaku susila berlandaskan Dharma dalam kehidupan dan kerja.
A5: {history_id: | B5: 4 | C5: ,subject_id: | D5: 1 | E5: ,numeric_grade: | F5: 75 | G5: ,letter_grade: | H5: " | J5: " | K5: ,grade_type: | L5: "Nilai Akhir" | M5: ,achievement_id: | N5: 1 | O5: }, | P5: {history_id:4,subject_id:1,numeric_grade:75,letter_grade:"",grade_type:"Nilai Akhir",achievements_id:1}, | AE5: 3 | AF5: 3 | AG5: Pendidikan Agama Kristen dan Budi Pekerti | AH5: Menunjukkan penguasaan yang sangat baik dalam: menganalisis peran remaja Kristen dalam mewujudkan perdamaian, keadilan, dan kesetaraan di tengah masyarakat majemuk, serta mengevaluasi gaya hidup modern yang sesuai dengan nilai-nilai Kristiani sebagai wujud kedewasaan iman.
A6: {history_id: | B6: 5 | C6: ,subject_id: | D6: 1 | E6: ,numeric_grade: | F6: 85 | G6: ,letter_grade: | H6: " | J6: " | K6: ,grade_type: | L6: "Nilai Akhir" | M6: ,achievement_id: | N6: 1 | O6: }, | P6: {history_id:5,subject_id:1,numeric_grade:85,letter_grade:"",grade_type:"Nilai Akhir",achievements_id:1}, | AE6: 4 | AF6: 4 | AG6: Pendidikan Pancasila | AH6: Mampu menganalisis peluang serta tantangan Pancasila di era global, sekaligus menunjukkan komitmen nyata dalam merawat kebhinekaan, mematuhi hukum, dan membela negara sebagai warga negara yang bertanggung jawab.
A7: {history_id: | B7: 6 | C7: ,subject_id: | D7: 1 | E7: ,numeric_grade: | F7: 82 | G7: ,letter_grade: | H7: " | J7: " | K7: ,grade_type: | L7: "Nilai Akhir" | M7: ,achievement_id: | N7: 1 | O7: }, | P7: {history_id:6,subject_id:1,numeric_grade:82,letter_grade:"",grade_type:"Nilai Akhir",achievements_id:1}, | AE7: 5 | AF7: 5 | AG7: Sejarah
A8: {history_id: | B8: 7 | C8: ,subject_id: | D8: 1 | E8: ,numeric_grade: | F8: 84 | G8: ,letter_grade: | H8: " | J8: " | K8: ,grade_type: | L8: "Nilai Akhir" | M8: ,achievement_id: | N8: 1 | O8: }, | P8: {history_id:7,subject_id:1,numeric_grade:84,letter_grade:"",grade_type:"Nilai Akhir",achievements_id:1}, | AE8: 6 | AF8: 6 | AG8: Seni Budaya
A9: {history_id: | B9: 8 | C9: ,subject_id: | D9: 1 | E9: ,numeric_grade: | F9: 87 | G9: ,letter_grade: | H9: " | J9: " | K9: ,grade_type: | L9: "Nilai Akhir" | M9: ,achievement_id: | N9: 1 | O9: }, | P9: {history_id:8,subject_id:1,numeric_grade:87,letter_grade:"",grade_type:"Nilai Akhir",achievements_id:1}, | AE9: 7 | AF9: 7 | AG9: Dasar-dasar Teknik Pemesinan
A10: {history_id: | B10: 9 | C10: ,subject_id: | D10: 1 | E10: ,numeric_grade: | F10: 88 | G10: ,letter_grade: | H10: " | J10: " | K10: ,grade_type: | L10: "Nilai Akhir" | M10: ,achievement_id: | N10: 1 | O10: }, | P10: {history_id:9,subject_id:1,numeric_grade:88,letter_grade:"",grade_type:"Nilai Akhir",achievements_id:1}, | AE10: 8 | AF10: 8 | AG10: Dasar-dasar Teknik Otomasi Industri
A11: {history_id: | B11: 10 | C11: ,subject_id: | D11: 1 | E11: ,numeric_grade: | F11: 85 | G11: ,letter_grade: | H11: " | J11: " | K11: ,grade_type: | L11: "Nilai Akhir" | M11: ,achievement_id: | N11: 1 | O11: }, | P11: {history_id:10,subject_id:1,numeric_grade:85,letter_grade:"",grade_type:"Nilai Akhir",achievements_id:1}, | AE11: 9 | AF11: 9 | AG11: Dasar-dasar Teknik Komputer dan Jaringan
A12: {history_id: | B12: 11 | C12: ,subject_id: | D12: 1 | E12: ,numeric_grade: | F12: 90 | G12: ,letter_grade: | H12: " | J12: " | K12: ,grade_type: | L12: "Nilai Akhir" | M12: ,achievement_id: | N12: 1 | O12: }, | P12: {history_id:11,subject_id:1,numeric_grade:90,letter_grade:"",grade_type:"Nilai Akhir",achievements_id:1}, | AE12: 10 | AF12: 10 | AG12: Dasar-dasar Teknik Sepeda Motor
A13: {history_id: | B13: 12 | C13: ,subject_id: | D13: 1 | E13: ,numeric_grade: | F13: 83 | G13: ,letter_grade: | H13: " | J13: " | K13: ,grade_type: | L13: "Nilai Akhir" | M13: ,achievement_id: | N13: 1 | O13: }, | P13: {history_id:12,subject_id:1,numeric_grade:83,letter_grade:"",grade_type:"Nilai Akhir",achievements_id:1}, | AE13: 11 | AF13: 11 | AG13: Muatan Lokal Bahasa Daerah | AH13: Mampu menerapkan tata krama bahasa daerah (unggah-ungguh) dalam berkomunikasi sehari-hari, serta mampu mengapresiasi dan mempraktikkan seni pertunjukan atau sastra daerah dengan laras dan leres.
A14: {history_id: | B14: 13 | C14: ,subject_id: | D14: 1 | E14: ,numeric_grade: | F14: 82 | G14: ,letter_grade: | H14: " | J14: " | K14: ,grade_type: | L14: "Nilai Akhir" | M14: ,achievement_id: | N14: 1 | O14: }, | P14: {history_id:13,subject_id:1,numeric_grade:82,letter_grade:"",grade_type:"Nilai Akhir",achievements_id:1}, | AE14: 12 | AF14: 12 | AG14: Bahasa Indonesia | AH14: Mampu menyusun, mengevaluasi, dan menyajikan dokumen lamaran kerja, kritik, esai, serta artikel ilmiah populer dengan struktur dan kebahasaan yang baik, benar, dan persuasif.
A15: {history_id: | B15: 14 | C15: ,subject_id: | D15: 1 | E15: ,numeric_grade: | F15: 85 | G15: ,letter_grade: | H15: " | J15: " | K15: ,grade_type: | L15: "Nilai Akhir" | M15: ,achievement_id: | N15: 1 | O15: }, | P15: {history_id:14,subject_id:1,numeric_grade:85,letter_grade:"",grade_type:"Nilai Akhir",achievements_id:1}, | AE15: 13 | AF15: 13 | AG15: Matematika (Umum) | AH15: Mampu menganalisis, menginterpretasi, dan menyajikan data statistika (ukuran pemusatan dan penyebaran data) serta menghitung peluang suatu kejadian guna menyelesaikan permasalahan kontekstual.
A16: {history_id: | B16: 15 | C16: ,subject_id: | D16: 1 | E16: ,numeric_grade: | F16: 84 | G16: ,letter_grade: | H16: " | J16: " | K16: ,grade_type: | L16: "Nilai Akhir" | M16: ,achievement_id: | N16: 1 | O16: }, | P16: {history_id:15,subject_id:1,numeric_grade:84,letter_grade:"",grade_type:"Nilai Akhir",achievements_id:1}, | AE16: 14 | AF16: 14 | AG16: Bahasa Inggris | AH16: Mampu memahami, menganalisis, dan menyusun teks fungsional (report text, surat lamaran kerja), serta melaksanakan simulasi wawancara kerja dengan lancar dan percaya diri.
A17: {history_id: | B17: 16 | C17: ,subject_id: | D17: 1 | E17: ,numeric_grade: | F17: 70 | G17: ,letter_grade: | H17: " | J17: " | K17: ,grade_type: | L17: "Nilai Akhir" | M17: ,achievement_id: | N17: 1 | O17: }, | P17: {history_id:16,subject_id:1,numeric_grade:70,letter_grade:"",grade_type:"Nilai Akhir",achievements_id:1}, | AE17: 15 | AF17: 15 | AG17: Produk Kreatif dan Kewirausahaan | AH17: Mampu menyusun laporan keuangan sederhana, mengevaluasi kinerja usaha, menerapkan strategi pemasaran digital, serta merencanakan pengembangan wirausaha mandiri secara kreatif.
A18: {history_id: | B18: 17 | C18: ,subject_id: | D18: 1 | E18: ,numeric_grade: | F18: 82 | G18: ,letter_grade: | H18: " | J18: " | K18: ,grade_type: | L18: "Nilai Akhir" | M18: ,achievement_id: | N18: 1 | O18: }, | P18: {history_id:17,subject_id:1,numeric_grade:82,letter_grade:"",grade_type:"Nilai Akhir",achievements_id:1}, | AE18: 16 | AF18: 16 | AG18: Konsentrasi Keahlian Teknik Pemesinan | AH18: Mampu merancang dan mengeksekusi proses bubut kompleks serta pengefraisan komponen presisi. Selain itu, terampil dalam memprogram dan mengoperasikan mesin CNC (bubut/frais) sesuai gambar kerja dan standar toleransi geometris yang ketat.
A19: {history_id: | B19: 18 | C19: ,subject_id: | D19: 1 | E19: ,numeric_grade: | F19: 84 | G19: ,letter_grade: | H19: " | J19: " | K19: ,grade_type: | L19: "Nilai Akhir" | M19: ,achievement_id: | N19: 1 | O19: }, | P19: {history_id:18,subject_id:1,numeric_grade:84,letter_grade:"",grade_type:"Nilai Akhir",achievements_id:1}, | AE19: 17 | AF19: 17 | AG19: Konsentrasi Keahlian Teknik Otomasi Industri | AH19: Mampu merancang, merakit, dan memprogram sistem kontrol otomasi industri berbasis PLC, SCADA, serta pneumatik/hidrolik. Selain itu, terampil dalam melakukan troubleshooting dan mengoperasikan sistem robotika industri sesuai dengan standar K3.
A20: {history_id: | B20: 19 | C20: ,subject_id: | D20: 1 | E20: ,numeric_grade: | F20: 72 | G20: ,letter_grade: | H20: " | J20: " | K20: ,grade_type: | L20: "Nilai Akhir" | M20: ,achievement_id: | N20: 1 | O20: }, | P20: {history_id:19,subject_id:1,numeric_grade:72,letter_grade:"",grade_type:"Nilai Akhir",achievements_id:1}, | AE20: 18 | AF20: 18 | AG20: Konsentrasi Keahlian Teknik Komputer dan Jaringan | AH20: Anda memiliki keahlian dalam perancangan arsitektur jaringan skala besar, mulai dari pengaturan routing dinamis hingga optimasi bandwidth. Selain itu, Anda terampil dalam aspek keamanan jaringan nirkabel serta konfigurasi layanan server dan cloud, yang merupakan fondasi krusial dalam infrastruktur TI modern.
A21: {history_id: | B21: 20 | C21: ,subject_id: | D21: 1 | E21: ,numeric_grade: | F21: 88 | G21: ,letter_grade: | H21: " | J21: " | K21: ,grade_type: | L21: "Nilai Akhir" | M21: ,achievement_id: | N21: 1 | O21: }, | P21: {history_id:20,subject_id:1,numeric_grade:88,letter_grade:"",grade_type:"Nilai Akhir",achievements_id:1}, | AE21: 19 | AF21: 19 | AG21: Konsentrasi Keahlian Teknik Sepeda Motor | AH21: Ahli diagnosis & perbaikan mesin (overhaul), kalibrasi injeksi PGM-FI/FI, serta perbaikan kelistrikan bodi & sasis motor sesuai SOP.
A22: {history_id: | B22: 21 | C22: ,subject_id: | D22: 1 | E22: ,numeric_grade: | F22: 85 | G22: ,letter_grade: | H22: " | J22: " | K22: ,grade_type: | L22: "Nilai Akhir" | M22: ,achievement_id: | N22: 1 | O22: }, | P22: {history_id:21,subject_id:1,numeric_grade:85,letter_grade:"",grade_type:"Nilai Akhir",achievements_id:1}, | AE22: 20 | AF22: 20 | AG22: Sistem Perancangan IoT | AH22: Mampu merancang arsitektur sistem IoT, mengintegrasikan sensor dan aktuator dengan mikrokontroler, membangun komunikasi data via protokol MQTT/HTTP, serta menampilkan data real-time di dashboard atau cloud platform.
A23: {history_id: | B23: 22 | C23: ,subject_id: | D23: 1 | E23: ,numeric_grade: | F23: 86 | G23: ,letter_grade: | H23: " | J23: " | K23: ,grade_type: | L23: "Nilai Akhir" | M23: ,achievement_id: | N23: 1 | O23: }, | P23: {history_id:22,subject_id:1,numeric_grade:86,letter_grade:"",grade_type:"Nilai Akhir",achievements_id:1}, | AE23: 21 | AF23: 21 | AG23: Gambar MEP | AH23: Mampu merancang diagram skematik dan layout mekanikal, instalasi listrik (PUIL), panel otomasi, serta sistem perpipaan menggunakan perangkat lunak CAD sesuai standar teknik internasional.
A24: {history_id: | B24: 23 | C24: ,subject_id: | D24: 1 | E24: ,numeric_grade: | F24: 83 | G24: ,letter_grade: | H24: " | J24: " | K24: ,grade_type: | L24: "Nilai Akhir" | M24: ,achievement_id: | N24: 1 | O24: }, | P24: {history_id:23,subject_id:1,numeric_grade:83,letter_grade:"",grade_type:"Nilai Akhir",achievements_id:1}, | AE24: 22 | AF24: 22 | AG24: Pemrograman CNC | AH24: Mampu menganalisis gambar kerja manufaktur kompleks, menyusun urutan proses (process planning), menulis kode CNC (G-code/M-code) secara manual maupun berbasis CAM, serta melakukan simulasi pergerakan pahat dengan aman.
A25: {history_id: | B25: 24 | C25: ,subject_id: | D25: 1 | E25: ,numeric_grade: | F25: 86 | G25: ,letter_grade: | H25: " | J25: " | K25: ,grade_type: | L25: "Nilai Akhir" | M25: ,achievement_id: | N25: 1 | O25: }, | P25: {history_id:24,subject_id:1,numeric_grade:86,letter_grade:"",grade_type:"Nilai Akhir",achievements_id:1}, | AE25: 23 | AF25: 23 | AG25: Gambar Teknik Manufaktur | AH25: Mampu membaca, menganalisis, dan membuat gambar teknik 2D maupun model 3D untuk sasis dan modifikasi motor, lengkap dengan penerapan anotasi, proyeksi, serta toleransi linier dan geometris secara presisi.
A26: {history_id: | B26: 25 | C26: ,subject_id: | D26: 1 | E26: ,numeric_grade: | F26: 88 | G26: ,letter_grade: | H26: " | J26: " | K26: ,grade_type: | L26: "Nilai Akhir" | M26: ,achievement_id: | N26: 1 | O26: }, | P26: {history_id:25,subject_id:1,numeric_grade:88,letter_grade:"",grade_type:"Nilai Akhir",achievements_id:1}, | AD26: A | AF26: 24 | AG26: Kursus Bahasa Asing jepang | AH26: Peserta didik dapat mengikuti kursus Bahasa Jepang dengan sangat baik
A27: {history_id: | B27: 26 | C27: ,subject_id: | D27: 1 | E27: ,numeric_grade: | F27: 88 | G27: ,letter_grade: | H27: " | J27: " | K27: ,grade_type: | L27: "Nilai Akhir" | M27: ,achievement_id: | N27: 1 | O27: }, | P27: {history_id:26,subject_id:1,numeric_grade:88,letter_grade:"",grade_type:"Nilai Akhir",achievements_id:1}, | AD27: A | AF27: 25 | AG27: Kursus Bahasa Asing korea | AH27: Peserta Didik Mampu Mengikuti Kursus Bahasa Korea dengan Sangat Baik
A28: {history_id: | B28: 27 | C28: ,subject_id: | D28: 1 | E28: ,numeric_grade: | F28: 84 | G28: ,letter_grade: | H28: " | J28: " | K28: ,grade_type: | L28: "Nilai Akhir" | M28: ,achievement_id: | N28: 1 | O28: }, | P28: {history_id:27,subject_id:1,numeric_grade:84,letter_grade:"",grade_type:"Nilai Akhir",achievements_id:1}, | AD28: B | AF28: 26 | AG28: Kursus Bahasa Asing jepang | AH28: Peserta didik dapat mengikuti kursus Bahasa Jepang dengan baik
A29: {history_id: | B29: 28 | C29: ,subject_id: | D29: 1 | E29: ,numeric_grade: | F29: 84 | G29: ,letter_grade: | H29: " | J29: " | K29: ,grade_type: | L29: "Nilai Akhir" | M29: ,achievement_id: | N29: 1 | O29: }, | P29: {history_id:28,subject_id:1,numeric_grade:84,letter_grade:"",grade_type:"Nilai Akhir",achievements_id:1}, | AD29: B | AF29: 27 | AG29: Kursus Bahasa Asing korea | AH29: Peserta Didik Mampu Mengikuti Kursus Bahasa Korea dengan Baik
A30: {history_id: | B30: 29 | C30: ,subject_id: | D30: 1 | E30: ,numeric_grade: | F30: 81 | G30: ,letter_grade: | H30: " | J30: " | K30: ,grade_type: | L30: "Nilai Akhir" | M30: ,achievement_id: | N30: 1 | O30: }, | P30: {history_id:29,subject_id:1,numeric_grade:81,letter_grade:"",grade_type:"Nilai Akhir",achievements_id:1},
A31: {history_id: | B31: 30 | C31: ,subject_id: | D31: 1 | E31: ,numeric_grade: | F31: 86 | G31: ,letter_grade: | H31: " | J31: " | K31: ,grade_type: | L31: "Nilai Akhir" | M31: ,achievement_id: | N31: 1 | O31: }, | P31: {history_id:30,subject_id:1,numeric_grade:86,letter_grade:"",grade_type:"Nilai Akhir",achievements_id:1},
A32: {history_id: | B32: 31 | C32: ,subject_id: | D32: 1 | E32: ,numeric_grade: | F32: 85 | G32: ,letter_grade: | H32: " | J32: " | K32: ,grade_type: | L32: "Nilai Akhir" | M32: ,achievement_id: | N32: 1 | O32: }, | P32: {history_id:31,subject_id:1,numeric_grade:85,letter_grade:"",grade_type:"Nilai Akhir",achievements_id:1},
A33: {history_id: | B33: 32 | C33: ,subject_id: | D33: 1 | E33: ,numeric_grade: | F33: 88 | G33: ,letter_grade: | H33: " | J33: " | K33: ,grade_type: | L33: "Nilai Akhir" | M33: ,achievement_id: | N33: 1 | O33: }, | P33: {history_id:32,subject_id:1,numeric_grade:88,letter_grade:"",grade_type:"Nilai Akhir",achievements_id:1},
A34: {history_id: | B34: 33 | C34: ,subject_id: | D34: 1 | E34: ,numeric_grade: | F34: 85 | G34: ,letter_grade: | H34: " | J34: " | K34: ,grade_type: | L34: "Nilai Akhir" | M34: ,achievement_id: | N34: 1 | O34: }, | P34: {history_id:33,subject_id:1,numeric_grade:85,letter_grade:"",grade_type:"Nilai Akhir",achievements_id:1},
A35: {history_id: | B35: 34 | C35: ,subject_id: | D35: 1 | E35: ,numeric_grade: | F35: 86 | G35: ,letter_grade: | H35: " | J35: " | K35: ,grade_type: | L35: "Nilai Akhir" | M35: ,achievement_id: | N35: 1 | O35: }, | P35: {history_id:34,subject_id:1,numeric_grade:86,letter_grade:"",grade_type:"Nilai Akhir",achievements_id:1},
A36: {history_id: | B36: 35 | C36: ,subject_id: | D36: 1 | E36: ,numeric_grade: | F36: 85 | G36: ,letter_grade: | H36: " | J36: " | K36: ,grade_type: | L36: "Nilai Akhir" | M36: ,achievement_id: | N36: 1 | O36: }, | P36: {history_id:35,subject_id:1,numeric_grade:85,letter_grade:"",grade_type:"Nilai Akhir",achievements_id:1},
A37: {history_id: | B37: 36 | C37: ,subject_id: | D37: 1 | E37: ,numeric_grade: | F37: 82 | G37: ,letter_grade: | H37: " | J37: " | K37: ,grade_type: | L37: "Nilai Akhir" | M37: ,achievement_id: | N37: 1 | O37: }, | P37: {history_id:36,subject_id:1,numeric_grade:82,letter_grade:"",grade_type:"Nilai Akhir",achievements_id:1},
A38: {history_id: | B38: 37 | C38: ,subject_id: | D38: 1 | E38: ,numeric_grade: | F38: 86 | G38: ,letter_grade: | H38: " | J38: " | K38: ,grade_type: | L38: "Nilai Akhir" | M38: ,achievement_id: | N38: 1 | O38: }, | P38: {history_id:37,subject_id:1,numeric_grade:86,letter_grade:"",grade_type:"Nilai Akhir",achievements_id:1},
A39: {history_id: | B39: 38 | C39: ,subject_id: | D39: 1 | E39: ,numeric_grade: | F39: 87 | G39: ,letter_grade: | H39: " | J39: " | K39: ,grade_type: | L39: "Nilai Akhir" | M39: ,achievement_id: | N39: 1 | O39: }, | P39: {history_id:38,subject_id:1,numeric_grade:87,letter_grade:"",grade_type:"Nilai Akhir",achievements_id:1},
A40: {history_id: | B40: 39 | C40: ,subject_id: | D40: 1 | E40: ,numeric_grade: | F40: 82 | G40: ,letter_grade: | H40: " | J40: " | K40: ,grade_type: | L40: "Nilai Akhir" | M40: ,achievement_id: | N40: 1 | O40: }, | P40: {history_id:39,subject_id:1,numeric_grade:82,letter_grade:"",grade_type:"Nilai Akhir",achievements_id:1},
A41: {history_id: | B41: 40 | C41: ,subject_id: | D41: 1 | E41: ,numeric_grade: | F41: 86 | G41: ,letter_grade: | H41: " | J41: " | K41: ,grade_type: | L41: "Nilai Akhir" | M41: ,achievement_id: | N41: 1 | O41: }, | P41: {history_id:40,subject_id:1,numeric_grade:86,letter_grade:"",grade_type:"Nilai Akhir",achievements_id:1},
... A2368: {history_id: | B2368: 263 | C2368: ,subject_id: | D2368: 15 | E2368: ,numeric_grade: | F2368: 88 | G2368: ,letter_grade: | H2368: " | J2368: " | K2368: ,grade_type: | L2368: "Nilai Akhir" | M2368: ,achievement_id: | N2368: 15 | O2368: }, | P2368: {history_id:263,subject_id:15,numeric_grade:88,letter_grade:"",grade_type:"Nilai Akhir",achievements_id:15},
A2369: {history_id: | B2369: 1 | C2369: ,subject_id: | D2369: 24 | E2369: ,numeric_grade: | F2369: 0 | G2369: ,letter_grade: | H2369: " | I2369: B | J2369: " | K2369: ,grade_type: | L2369: "Nilai Ekstra" | M2369: ,achievement_id: | N2369: 26 | O2369: }, | P2369: {history_id:1,subject_id:24,numeric_grade:0,letter_grade:"B",grade_type:"Nilai Ekstra",achievements_id:26},
A2370: {history_id: | B2370: 2 | C2370: ,subject_id: | D2370: 24 | E2370: ,numeric_grade: | F2370: 0 | G2370: ,letter_grade: | H2370: " | I2370: A | J2370: " | K2370: ,grade_type: | L2370: "Nilai Ekstra" | M2370: ,achievement_id: | N2370: 24 | O2370: }, | P2370: {history_id:2,subject_id:24,numeric_grade:0,letter_grade:"A",grade_type:"Nilai Ekstra",achievements_id:24},
A2371: {history_id: | B2371: 3 | C2371: ,subject_id: | D2371: 24 | E2371: ,numeric_grade: | F2371: 0 | G2371: ,letter_grade: | H2371: " | I2371: B | J2371: " | K2371: ,grade_type: | L2371: "Nilai Ekstra" | M2371: ,achievement_id: | N2371: 26 | O2371: }, | P2371: {history_id:3,subject_id:24,numeric_grade:0,letter_grade:"B",grade_type:"Nilai Ekstra",achievements_id:26},
A2372: {history_id: | B2372: 4 | C2372: ,subject_id: | D2372: 24 | E2372: ,numeric_grade: | F2372: 0 | G2372: ,letter_grade: | H2372: " | I2372: A | J2372: " | K2372: ,grade_type: | L2372: "Nilai Ekstra" | M2372: ,achievement_id: | N2372: 24 | O2372: }, | P2372: {history_id:4,subject_id:24,numeric_grade:0,letter_grade:"A",grade_type:"Nilai Ekstra",achievements_id:24},
A2373: {history_id: | B2373: 5 | C2373: ,subject_id: | D2373: 24 | E2373: ,numeric_grade: | F2373: 0 | G2373: ,letter_grade: | H2373: " | I2373: A | J2373: " | K2373: ,grade_type: | L2373: "Nilai Ekstra" | M2373: ,achievement_id: | N2373: 24 | O2373: }, | P2373: {history_id:5,subject_id:24,numeric_grade:0,letter_grade:"A",grade_type:"Nilai Ekstra",achievements_id:24},
A2374: {history_id: | B2374: 6 | C2374: ,subject_id: | D2374: 24 | E2374: ,numeric_grade: | F2374: 0 | G2374: ,letter_grade: | H2374: " | I2374: B | J2374: " | K2374: ,grade_type: | L2374: "Nilai Ekstra" | M2374: ,achievement_id: | N2374: 26 | O2374: }, | P2374: {history_id:6,subject_id:24,numeric_grade:0,letter_grade:"B",grade_type:"Nilai Ekstra",achievements_id:26},
A2375: {history_id: | B2375: 7 | C2375: ,subject_id: | D2375: 24 | E2375: ,numeric_grade: | F2375: 0 | G2375: ,letter_grade: | H2375: " | I2375: B | J2375: " | K2375: ,grade_type: | L2375: "Nilai Ekstra" | M2375: ,achievement_id: | N2375: 26 | O2375: }, | P2375: {history_id:7,subject_id:24,numeric_grade:0,letter_grade:"B",grade_type:"Nilai Ekstra",achievements_id:26},
A2376: {history_id: | B2376: 8 | C2376: ,subject_id: | D2376: 24 | E2376: ,numeric_grade: | F2376: 0 | G2376: ,letter_grade: | H2376: " | I2376: B | J2376: " | K2376: ,grade_type: | L2376: "Nilai Ekstra" | M2376: ,achievement_id: | N2376: 26 | O2376: }, | P2376: {history_id:8,subject_id:24,numeric_grade:0,letter_grade:"B",grade_type:"Nilai Ekstra",achievements_id:26},
A2377: {history_id: | B2377: 9 | C2377: ,subject_id: | D2377: 24 | E2377: ,numeric_grade: | F2377: 0 | G2377: ,letter_grade: | H2377: " | I2377: B | J2377: " | K2377: ,grade_type: | L2377: "Nilai Ekstra" | M2377: ,achievement_id: | N2377: 26 | O2377: }, | P2377: {history_id:9,subject_id:24,numeric_grade:0,letter_grade:"B",grade_type:"Nilai Ekstra",achievements_id:26},
A2378: {history_id: | B2378: 10 | C2378: ,subject_id: | D2378: 24 | E2378: ,numeric_grade: | F2378: 0 | G2378: ,letter_grade: | H2378: " | I2378: A | J2378: " | K2378: ,grade_type: | L2378: "Nilai Ekstra" | M2378: ,achievement_id: | N2378: 24 | O2378: }, | P2378: {history_id:10,subject_id:24,numeric_grade:0,letter_grade:"A",grade_type:"Nilai Ekstra",achievements_id:24},
A2379: {history_id: | B2379: 11 | C2379: ,subject_id: | D2379: 24 | E2379: ,numeric_grade: | F2379: 0 | G2379: ,letter_grade: | H2379: " | I2379: A | J2379: " | K2379: ,grade_type: | L2379: "Nilai Ekstra" | M2379: ,achievement_id: | N2379: 24 | O2379: }, | P2379: {history_id:11,subject_id:24,numeric_grade:0,letter_grade:"A",grade_type:"Nilai Ekstra",achievements_id:24},
A2380: {history_id: | B2380: 12 | C2380: ,subject_id: | D2380: 24 | E2380: ,numeric_grade: | F2380: 0 | G2380: ,letter_grade: | H2380: " | I2380: A | J2380: " | K2380: ,grade_type: | L2380: "Nilai Ekstra" | M2380: ,achievement_id: | N2380: 24 | O2380: }, | P2380: {history_id:12,subject_id:24,numeric_grade:0,letter_grade:"A",grade_type:"Nilai Ekstra",achievements_id:24},
... A2631: {history_id: | B2631: 263 | C2631: ,subject_id: | D2631: 24 | E2631: ,numeric_grade: | F2631: 0 | G2631: ,letter_grade: | H2631: " | I2631: B | J2631: " | K2631: ,grade_type: | L2631: "Nilai Ekstra" | M2631: ,achievement_id: | N2631: 26 | O2631: }, | P2631: {history_id:263,subject_id:24,numeric_grade:0,letter_grade:"B",grade_type:"Nilai Ekstra",achievements_id:26},

Sheet kelas 10
A1: kelas | B1: 10 | H1: tag mapel | I1: subject id | J1: numeric_grade | K1: letter_grade | L1: achievement_id | M1: grade_type | U1: Pendidikan Agama Islam dan Budi Pekerti
A2: history id | B2: NO | C2: NIS | D2: NAMA | E2: KELAS | F2: Pendidikan Agama Islam dan Budi Pekerti | N2: 1 | U2: Pendidikan Agama Hindu dan Budi Pekerti
A3: 264 | E3: X TJKT 1 | F3: 82.75 | G3: Pendidikan Agama Islam dan Budi Pekerti | I3: =VLOOKUP(G3,'2'!$B$2:$C$34,2,FALSE) -> 1 | J3: =IF(M3="Nilai Akhir",F3,0) -> 82.75 | K3: =IF(M3="Nilai Ekstra",F3,"") | L3: =VLOOKUP(I3,'3'!$H$2:$L$25,5,FALSE) -> 28 | M3: =IF(G3="Pramuka","Nilai Ekstra","Nilai Akhir") -> Nilai Akhir | U3: Pendidikan Agama Kristen dan Budi Pekerti
A4: 265 | E4: X TJKT 1 | F4: 84.166667 | G4: Pendidikan Agama Islam dan Budi Pekerti | I4: =VLOOKUP(G4,'2'!$B$2:$C$34,2,FALSE) -> 1 | J4: =IF(M4="Nilai Akhir",F4,0) -> 84.166667 | K4: =IF(M4="Nilai Ekstra",F4,"") | L4: =VLOOKUP(I4,'3'!$H$2:$L$25,5,FALSE) -> 28 | M4: =IF(G4="Pramuka","Nilai Ekstra","Nilai Akhir") -> Nilai Akhir | U4: Pendidikan Agama Katholik dan Budi Pekerti
A5: 266 | E5: X TJKT 1 | F5: 88.833333 | G5: Pendidikan Agama Islam dan Budi Pekerti | I5: =VLOOKUP(G5,'2'!$B$2:$C$34,2,FALSE) -> 1 | J5: =IF(M5="Nilai Akhir",F5,0) -> 88.833333 | K5: =IF(M5="Nilai Ekstra",F5,"") | L5: =VLOOKUP(I5,'3'!$H$2:$L$25,5,FALSE) -> 28 | M5: =IF(G5="Pramuka","Nilai Ekstra","Nilai Akhir") -> Nilai Akhir
A6: 267 | E6: X TJKT 1 | F6: 80.666667 | G6: Pendidikan Agama Islam dan Budi Pekerti | I6: =VLOOKUP(G6,'2'!$B$2:$C$34,2,FALSE) -> 1 | J6: =IF(M6="Nilai Akhir",F6,0) -> 80.666667 | K6: =IF(M6="Nilai Ekstra",F6,"") | L6: =VLOOKUP(I6,'3'!$H$2:$L$25,5,FALSE) -> 28 | M6: =IF(G6="Pramuka","Nilai Ekstra","Nilai Akhir") -> Nilai Akhir | Q6: 14166 | R6: Arvina Novellyana | S6: X TJKT 1 | U6: Pendidikan Agama Katholik dan Budi Pekerti
A7: 268 | E7: X TJKT 1 | F7: 86 | G7: Pendidikan Agama Katholik dan Budi Pekerti | I7: =VLOOKUP(G7,'2'!$B$2:$C$34,2,FALSE) -> 33 | J7: =IF(M7="Nilai Akhir",F7,0) -> 86 | K7: =IF(M7="Nilai Ekstra",F7,"") | L7: =VLOOKUP(I7,'3'!$H$2:$L$25,5,FALSE) -> 31 | M7: =IF(G7="Pramuka","Nilai Ekstra","Nilai Akhir") -> Nilai Akhir | Q7: 14175 | R7: Florentina Palma Christ Jaya | S7: X TJKT 1 | U7: Pendidikan Agama Katholik dan Budi Pekerti
A8: 269 | E8: X TJKT 1 | F8: 93.25 | G8: Pendidikan Agama Islam dan Budi Pekerti | I8: =VLOOKUP(G8,'2'!$B$2:$C$34,2,FALSE) -> 1 | J8: =IF(M8="Nilai Akhir",F8,0) -> 93.25 | K8: =IF(M8="Nilai Ekstra",F8,"") | L8: =VLOOKUP(I8,'3'!$H$2:$L$25,5,FALSE) -> 28 | M8: =IF(G8="Pramuka","Nilai Ekstra","Nilai Akhir") -> Nilai Akhir | Q8: 14176 | R8: Frendy Daniel Putra Naibaho | S8: X TJKT 1 | U8: Pendidikan Agama Kristen dan Budi Pekerti
A9: 270 | E9: X TJKT 1 | F9: 81 | G9: Pendidikan Agama Islam dan Budi Pekerti | I9: =VLOOKUP(G9,'2'!$B$2:$C$34,2,FALSE) -> 1 | J9: =IF(M9="Nilai Akhir",F9,0) -> 81 | K9: =IF(M9="Nilai Ekstra",F9,"") | L9: =VLOOKUP(I9,'3'!$H$2:$L$25,5,FALSE) -> 28 | M9: =IF(G9="Pramuka","Nilai Ekstra","Nilai Akhir") -> Nilai Akhir | Q9: 14185 | R9: Krisna Bintang Timur | S9: X TJKT 1 | U9: Pendidikan Agama Kristen dan Budi Pekerti
A10: 271 | E10: X TJKT 1 | F10: 85.083333 | G10: Pendidikan Agama Islam dan Budi Pekerti | I10: =VLOOKUP(G10,'2'!$B$2:$C$34,2,FALSE) -> 1 | J10: =IF(M10="Nilai Akhir",F10,0) -> 85.083333 | K10: =IF(M10="Nilai Ekstra",F10,"") | L10: =VLOOKUP(I10,'3'!$H$2:$L$25,5,FALSE) -> 28 | M10: =IF(G10="Pramuka","Nilai Ekstra","Nilai Akhir") -> Nilai Akhir | Q10: 13946 | R10: Benedictus Trias Nur Putra | S10: X TOI 1 | U10: Pendidikan Agama Katholik dan Budi Pekerti
A11: 272 | E11: X TJKT 1 | F11: 89.416667 | G11: Pendidikan Agama Islam dan Budi Pekerti | I11: =VLOOKUP(G11,'2'!$B$2:$C$34,2,FALSE) -> 1 | J11: =IF(M11="Nilai Akhir",F11,0) -> 89.416667 | K11: =IF(M11="Nilai Ekstra",F11,"") | L11: =VLOOKUP(I11,'3'!$H$2:$L$25,5,FALSE) -> 28 | M11: =IF(G11="Pramuka","Nilai Ekstra","Nilai Akhir") -> Nilai Akhir | Q11: 13975 | R11: Leonel Krisworo Putra | S11: X TOI 2 | U11: Pendidikan Agama Kristen dan Budi Pekerti
A12: 273 | E12: X TJKT 1 | F12: 81.083333 | G12: Pendidikan Agama Islam dan Budi Pekerti | I12: =VLOOKUP(G12,'2'!$B$2:$C$34,2,FALSE) -> 1 | J12: =IF(M12="Nilai Akhir",F12,0) -> 81.083333 | K12: =IF(M12="Nilai Ekstra",F12,"") | L12: =VLOOKUP(I12,'3'!$H$2:$L$25,5,FALSE) -> 28 | M12: =IF(G12="Pramuka","Nilai Ekstra","Nilai Akhir") -> Nilai Akhir | Q12: 13977 | R12: Marcelinus Cristian Heryuwono | S12: X TOI 2 | U12: Pendidikan Agama Katholik dan Budi Pekerti
A13: 274 | E13: X TJKT 1 | F13: 88.083333 | G13: Pendidikan Agama Islam dan Budi Pekerti | I13: =VLOOKUP(G13,'2'!$B$2:$C$34,2,FALSE) -> 1 | J13: =IF(M13="Nilai Akhir",F13,0) -> 88.083333 | K13: =IF(M13="Nilai Ekstra",F13,"") | L13: =VLOOKUP(I13,'3'!$H$2:$L$25,5,FALSE) -> 28 | M13: =IF(G13="Pramuka","Nilai Ekstra","Nilai Akhir") -> Nilai Akhir | Q13: 13990 | R13: Nicolas Erwin Winata | S13: X TOI 3 | U13: Pendidikan Agama Katholik dan Budi Pekerti
A14: 275 | E14: X TJKT 1 | F14: 82.5 | G14: Pendidikan Agama Islam dan Budi Pekerti | I14: =VLOOKUP(G14,'2'!$B$2:$C$34,2,FALSE) -> 1 | J14: =IF(M14="Nilai Akhir",F14,0) -> 82.5 | K14: =IF(M14="Nilai Ekstra",F14,"") | L14: =VLOOKUP(I14,'3'!$H$2:$L$25,5,FALSE) -> 28 | M14: =IF(G14="Pramuka","Nilai Ekstra","Nilai Akhir") -> Nilai Akhir | Q14: 13993 | R14: Putri Kusuma Sejati | S14: X TOI 3 | U14: Pendidikan Agama Katholik dan Budi Pekerti
A15: 276 | E15: X TJKT 1 | F15: 86 | G15: Pendidikan Agama Islam dan Budi Pekerti | I15: =VLOOKUP(G15,'2'!$B$2:$C$34,2,FALSE) -> 1 | J15: =IF(M15="Nilai Akhir",F15,0) -> 86 | K15: =IF(M15="Nilai Ekstra",F15,"") | L15: =VLOOKUP(I15,'3'!$H$2:$L$25,5,FALSE) -> 28 | M15: =IF(G15="Pramuka","Nilai Ekstra","Nilai Akhir") -> Nilai Akhir | Q15: 14003 | R15: Steepen Kristo | S15: X TOI 3 | U15: Pendidikan Agama Kristen dan Budi Pekerti
A16: 277 | E16: X TJKT 1 | F16: 90 | G16: Pendidikan Agama Katholik dan Budi Pekerti | I16: =VLOOKUP(G16,'2'!$B$2:$C$34,2,FALSE) -> 33 | J16: =IF(M16="Nilai Akhir",F16,0) -> 90 | K16: =IF(M16="Nilai Ekstra",F16,"") | L16: =VLOOKUP(I16,'3'!$H$2:$L$25,5,FALSE) -> 31 | M16: =IF(G16="Pramuka","Nilai Ekstra","Nilai Akhir") -> Nilai Akhir | Q16: 14148 | R16: Talent Widyanto | S16: X TP 5 | U16: Pendidikan Agama Kristen dan Budi Pekerti
A17: 278 | E17: X TJKT 1 | F17: 84 | G17: Pendidikan Agama Kristen dan Budi Pekerti | I17: =VLOOKUP(G17,'2'!$B$2:$C$34,2,FALSE) -> 3 | J17: =IF(M17="Nilai Akhir",F17,0) -> 84 | K17: =IF(M17="Nilai Ekstra",F17,"") | L17: =VLOOKUP(I17,'3'!$H$2:$L$25,5,FALSE) -> 30 | M17: =IF(G17="Pramuka","Nilai Ekstra","Nilai Akhir") -> Nilai Akhir | Q17: 14307 | R17: Andito Wisnu Baskoro | S17: X TP 5 | U17: Pendidikan Agama Kristen dan Budi Pekerti
... A20: 281 | E20: X TJKT 1 | F20: 84.333333 | G20: Pendidikan Agama Islam dan Budi Pekerti | I20: =VLOOKUP(G20,'2'!$B$2:$C$34,2,FALSE) -> 1 | J20: =IF(M20="Nilai Akhir",F20,0) -> 84.333333 | K20: =IF(M20="Nilai Ekstra",F20,"") | L20: =VLOOKUP(I20,'3'!$H$2:$L$25,5,FALSE) -> 28 | M20: =IF(G20="Pramuka","Nilai Ekstra","Nilai Akhir") -> Nilai Akhir | Q20: 14279 | R20: Nyong Frits Noel Latuile | S20: X TSM 3 | U20: Pendidikan Agama Kristen dan Budi Pekerti
A21: 282 | E21: X TJKT 1 | F21: 79.583333 | G21: Pendidikan Agama Islam dan Budi Pekerti | I21: =VLOOKUP(G21,'2'!$B$2:$C$34,2,FALSE) -> 1 | J21: =IF(M21="Nilai Akhir",F21,0) -> 79.583333 | K21: =IF(M21="Nilai Ekstra",F21,"") | L21: =VLOOKUP(I21,'3'!$H$2:$L$25,5,FALSE) -> 28 | M21: =IF(G21="Pramuka","Nilai Ekstra","Nilai Akhir") -> Nilai Akhir
A22: 283 | E22: X TJKT 1 | F22: 83 | G22: Pendidikan Agama Islam dan Budi Pekerti | I22: =VLOOKUP(G22,'2'!$B$2:$C$34,2,FALSE) -> 1 | J22: =IF(M22="Nilai Akhir",F22,0) -> 83 | K22: =IF(M22="Nilai Ekstra",F22,"") | L22: =VLOOKUP(I22,'3'!$H$2:$L$25,5,FALSE) -> 28 | M22: =IF(G22="Pramuka","Nilai Ekstra","Nilai Akhir") -> Nilai Akhir
A23: 284 | E23: X TJKT 1 | F23: 83.666667 | G23: Pendidikan Agama Islam dan Budi Pekerti | I23: =VLOOKUP(G23,'2'!$B$2:$C$34,2,FALSE) -> 1 | J23: =IF(M23="Nilai Akhir",F23,0) -> 83.666667 | K23: =IF(M23="Nilai Ekstra",F23,"") | L23: =VLOOKUP(I23,'3'!$H$2:$L$25,5,FALSE) -> 28 | M23: =IF(G23="Pramuka","Nilai Ekstra","Nilai Akhir") -> Nilai Akhir
A24: 285 | E24: X TJKT 1 | F24: 89.25 | G24: Pendidikan Agama Islam dan Budi Pekerti | I24: =VLOOKUP(G24,'2'!$B$2:$C$34,2,FALSE) -> 1 | J24: =IF(M24="Nilai Akhir",F24,0) -> 89.25 | K24: =IF(M24="Nilai Ekstra",F24,"") | L24: =VLOOKUP(I24,'3'!$H$2:$L$25,5,FALSE) -> 28 | M24: =IF(G24="Pramuka","Nilai Ekstra","Nilai Akhir") -> Nilai Akhir
A25: 286 | E25: X TJKT 1 | F25: 88.75 | G25: Pendidikan Agama Islam dan Budi Pekerti | I25: =VLOOKUP(G25,'2'!$B$2:$C$34,2,FALSE) -> 1 | J25: =IF(M25="Nilai Akhir",F25,0) -> 88.75 | K25: =IF(M25="Nilai Ekstra",F25,"") | L25: =VLOOKUP(I25,'3'!$H$2:$L$25,5,FALSE) -> 28 | M25: =IF(G25="Pramuka","Nilai Ekstra","Nilai Akhir") -> Nilai Akhir
A26: 287 | E26: X TJKT 1 | F26: 88 | G26: Pendidikan Agama Kristen dan Budi Pekerti | I26: =VLOOKUP(G26,'2'!$B$2:$C$34,2,FALSE) -> 3 | J26: =IF(M26="Nilai Akhir",F26,0) -> 88 | K26: =IF(M26="Nilai Ekstra",F26,"") | L26: =VLOOKUP(I26,'3'!$H$2:$L$25,5,FALSE) -> 30 | M26: =IF(G26="Pramuka","Nilai Ekstra","Nilai Akhir") -> Nilai Akhir
A27: 288 | E27: X TJKT 1 | F27: 84.833333 | G27: Pendidikan Agama Islam dan Budi Pekerti | I27: =VLOOKUP(G27,'2'!$B$2:$C$34,2,FALSE) -> 1 | J27: =IF(M27="Nilai Akhir",F27,0) -> 84.833333 | K27: =IF(M27="Nilai Ekstra",F27,"") | L27: =VLOOKUP(I27,'3'!$H$2:$L$25,5,FALSE) -> 28 | M27: =IF(G27="Pramuka","Nilai Ekstra","Nilai Akhir") -> Nilai Akhir
A28: 289 | E28: X TJKT 1 | F28: 79.833333 | G28: Pendidikan Agama Islam dan Budi Pekerti | I28: =VLOOKUP(G28,'2'!$B$2:$C$34,2,FALSE) -> 1 | J28: =IF(M28="Nilai Akhir",F28,0) -> 79.833333 | K28: =IF(M28="Nilai Ekstra",F28,"") | L28: =VLOOKUP(I28,'3'!$H$2:$L$25,5,FALSE) -> 28 | M28: =IF(G28="Pramuka","Nilai Ekstra","Nilai Akhir") -> Nilai Akhir
A29: 290 | E29: X TJKT 1 | F29: 83.083333 | G29: Pendidikan Agama Islam dan Budi Pekerti | I29: =VLOOKUP(G29,'2'!$B$2:$C$34,2,FALSE) -> 1 | J29: =IF(M29="Nilai Akhir",F29,0) -> 83.083333 | K29: =IF(M29="Nilai Ekstra",F29,"") | L29: =VLOOKUP(I29,'3'!$H$2:$L$25,5,FALSE) -> 28 | M29: =IF(G29="Pramuka","Nilai Ekstra","Nilai Akhir") -> Nilai Akhir
A30: 291 | E30: X TJKT 1 | F30: 84.75 | G30: Pendidikan Agama Islam dan Budi Pekerti | I30: =VLOOKUP(G30,'2'!$B$2:$C$34,2,FALSE) -> 1 | J30: =IF(M30="Nilai Akhir",F30,0) -> 84.75 | K30: =IF(M30="Nilai Ekstra",F30,"") | L30: =VLOOKUP(I30,'3'!$H$2:$L$25,5,FALSE) -> 28 | M30: =IF(G30="Pramuka","Nilai Ekstra","Nilai Akhir") -> Nilai Akhir
A31: 292 | E31: X TJKT 1 | F31: 87.416667 | G31: Pendidikan Agama Islam dan Budi Pekerti | I31: =VLOOKUP(G31,'2'!$B$2:$C$34,2,FALSE) -> 1 | J31: =IF(M31="Nilai Akhir",F31,0) -> 87.416667 | K31: =IF(M31="Nilai Ekstra",F31,"") | L31: =VLOOKUP(I31,'3'!$H$2:$L$25,5,FALSE) -> 28 | M31: =IF(G31="Pramuka","Nilai Ekstra","Nilai Akhir") -> Nilai Akhir
A32: 293 | E32: X TJKT 1 | F32: 80.583333 | G32: Pendidikan Agama Islam dan Budi Pekerti | I32: =VLOOKUP(G32,'2'!$B$2:$C$34,2,FALSE) -> 1 | J32: =IF(M32="Nilai Akhir",F32,0) -> 80.583333 | K32: =IF(M32="Nilai Ekstra",F32,"") | L32: =VLOOKUP(I32,'3'!$H$2:$L$25,5,FALSE) -> 28 | M32: =IF(G32="Pramuka","Nilai Ekstra","Nilai Akhir") -> Nilai Akhir
... A368: 629 | E368: X TSM 3 | F368: 88.583333 | G368: Pendidikan Agama Islam dan Budi Pekerti | I368: =VLOOKUP(G368,'2'!$B$2:$C$34,2,FALSE) -> 1 | J368: =IF(M368="Nilai Akhir",F368,0) -> 88.583333 | K368: =IF(M368="Nilai Ekstra",F368,"") | L368: =VLOOKUP(I368,'3'!$H$2:$L$25,5,FALSE) -> 28 | M368: =IF(G368="Pramuka","Nilai Ekstra","Nilai Akhir") -> Nilai Akhir
A369: 264 | E369: X TJKT 1 | F369: 85 | G369: Pendidikan Pancasila | I369: =VLOOKUP(G369,'2'!$B$2:$C$34,2,FALSE) -> 4 | J369: =IF(M369="Nilai Akhir",F369,0) -> 85 | K369: =IF(M369="Nilai Ekstra",F369,"") | L369: =VLOOKUP(I369,'3'!$H$2:$L$25,5,FALSE) -> 32 | M369: =IF(G369="Pramuka","Nilai Ekstra","Nilai Akhir") -> Nilai Akhir | N369: 1
A370: 265 | E370: X TJKT 1 | F370: 81 | G370: Pendidikan Pancasila | I370: =VLOOKUP(G370,'2'!$B$2:$C$34,2,FALSE) -> 4 | J370: =IF(M370="Nilai Akhir",F370,0) -> 81 | K370: =IF(M370="Nilai Ekstra",F370,"") | L370: =VLOOKUP(I370,'3'!$H$2:$L$25,5,FALSE) -> 32 | M370: =IF(G370="Pramuka","Nilai Ekstra","Nilai Akhir") -> Nilai Akhir
A371: 266 | E371: X TJKT 1 | F371: 83 | G371: Pendidikan Pancasila | I371: =VLOOKUP(G371,'2'!$B$2:$C$34,2,FALSE) -> 4 | J371: =IF(M371="Nilai Akhir",F371,0) -> 83 | K371: =IF(M371="Nilai Ekstra",F371,"") | L371: =VLOOKUP(I371,'3'!$H$2:$L$25,5,FALSE) -> 32 | M371: =IF(G371="Pramuka","Nilai Ekstra","Nilai Akhir") -> Nilai Akhir
A372: 267 | E372: X TJKT 1 | F372: 77 | G372: Pendidikan Pancasila | I372: =VLOOKUP(G372,'2'!$B$2:$C$34,2,FALSE) -> 4 | J372: =IF(M372="Nilai Akhir",F372,0) -> 77 | K372: =IF(M372="Nilai Ekstra",F372,"") | L372: =VLOOKUP(I372,'3'!$H$2:$L$25,5,FALSE) -> 32 | M372: =IF(G372="Pramuka","Nilai Ekstra","Nilai Akhir") -> Nilai Akhir
A373: 268 | E373: X TJKT 1 | F373: 81 | G373: Pendidikan Pancasila | I373: =VLOOKUP(G373,'2'!$B$2:$C$34,2,FALSE) -> 4 | J373: =IF(M373="Nilai Akhir",F373,0) -> 81 | K373: =IF(M373="Nilai Ekstra",F373,"") | L373: =VLOOKUP(I373,'3'!$H$2:$L$25,5,FALSE) -> 32 | M373: =IF(G373="Pramuka","Nilai Ekstra","Nilai Akhir") -> Nilai Akhir
A374: 269 | E374: X TJKT 1 | F374: 92 | G374: Pendidikan Pancasila | I374: =VLOOKUP(G374,'2'!$B$2:$C$34,2,FALSE) -> 4 | J374: =IF(M374="Nilai Akhir",F374,0) -> 92 | K374: =IF(M374="Nilai Ekstra",F374,"") | L374: =VLOOKUP(I374,'3'!$H$2:$L$25,5,FALSE) -> 32 | M374: =IF(G374="Pramuka","Nilai Ekstra","Nilai Akhir") -> Nilai Akhir
A375: 270 | E375: X TJKT 1 | F375: 84 | G375: Pendidikan Pancasila | I375: =VLOOKUP(G375,'2'!$B$2:$C$34,2,FALSE) -> 4 | J375: =IF(M375="Nilai Akhir",F375,0) -> 84 | K375: =IF(M375="Nilai Ekstra",F375,"") | L375: =VLOOKUP(I375,'3'!$H$2:$L$25,5,FALSE) -> 32 | M375: =IF(G375="Pramuka","Nilai Ekstra","Nilai Akhir") -> Nilai Akhir
A376: 271 | E376: X TJKT 1 | F376: 84 | G376: Pendidikan Pancasila | I376: =VLOOKUP(G376,'2'!$B$2:$C$34,2,FALSE) -> 4 | J376: =IF(M376="Nilai Akhir",F376,0) -> 84 | K376: =IF(M376="Nilai Ekstra",F376,"") | L376: =VLOOKUP(I376,'3'!$H$2:$L$25,5,FALSE) -> 32 | M376: =IF(G376="Pramuka","Nilai Ekstra","Nilai Akhir") -> Nilai Akhir
A377: 272 | E377: X TJKT 1 | F377: 83 | G377: Pendidikan Pancasila | I377: =VLOOKUP(G377,'2'!$B$2:$C$34,2,FALSE) -> 4 | J377: =IF(M377="Nilai Akhir",F377,0) -> 83 | K377: =IF(M377="Nilai Ekstra",F377,"") | L377: =VLOOKUP(I377,'3'!$H$2:$L$25,5,FALSE) -> 32 | M377: =IF(G377="Pramuka","Nilai Ekstra","Nilai Akhir") -> Nilai Akhir
A378: 273 | E378: X TJKT 1 | F378: 78 | G378: Pendidikan Pancasila | I378: =VLOOKUP(G378,'2'!$B$2:$C$34,2,FALSE) -> 4 | J378: =IF(M378="Nilai Akhir",F378,0) -> 78 | K378: =IF(M378="Nilai Ekstra",F378,"") | L378: =VLOOKUP(I378,'3'!$H$2:$L$25,5,FALSE) -> 32 | M378: =IF(G378="Pramuka","Nilai Ekstra","Nilai Akhir") -> Nilai Akhir
A379: 274 | E379: X TJKT 1 | F379: 84 | G379: Pendidikan Pancasila | I379: =VLOOKUP(G379,'2'!$B$2:$C$34,2,FALSE) -> 4 | J379: =IF(M379="Nilai Akhir",F379,0) -> 84 | K379: =IF(M379="Nilai Ekstra",F379,"") | L379: =VLOOKUP(I379,'3'!$H$2:$L$25,5,FALSE) -> 32 | M379: =IF(G379="Pramuka","Nilai Ekstra","Nilai Akhir") -> Nilai Akhir
A380: 275 | E380: X TJKT 1 | F380: 80 | G380: Pendidikan Pancasila | I380: =VLOOKUP(G380,'2'!$B$2:$C$34,2,FALSE) -> 4 | J380: =IF(M380="Nilai Akhir",F380,0) -> 80 | K380: =IF(M380="Nilai Ekstra",F380,"") | L380: =VLOOKUP(I380,'3'!$H$2:$L$25,5,FALSE) -> 32 | M380: =IF(G380="Pramuka","Nilai Ekstra","Nilai Akhir") -> Nilai Akhir
A381: 276 | E381: X TJKT 1 | F381: 80 | G381: Pendidikan Pancasila | I381: =VLOOKUP(G381,'2'!$B$2:$C$34,2,FALSE) -> 4 | J381: =IF(M381="Nilai Akhir",F381,0) -> 80 | K381: =IF(M381="Nilai Ekstra",F381,"") | L381: =VLOOKUP(I381,'3'!$H$2:$L$25,5,FALSE) -> 32 | M381: =IF(G381="Pramuka","Nilai Ekstra","Nilai Akhir") -> Nilai Akhir
... A734: 629 | E734: X TSM 3 | F734: 75.833333 | G734: Pendidikan Pancasila | I734: =VLOOKUP(G734,'2'!$B$2:$C$34,2,FALSE) -> 4 | J734: =IF(M734="Nilai Akhir",F734,0) -> 75.833333 | K734: =IF(M734="Nilai Ekstra",F734,"") | L734: =VLOOKUP(I734,'3'!$H$2:$L$25,5,FALSE) -> 32 | M734: =IF(G734="Pramuka","Nilai Ekstra","Nilai Akhir") -> Nilai Akhir
A735: 264 | E735: X TJKT 1 | F735: 85 | G735: Bahasa Indonesia | I735: =VLOOKUP(G735,'2'!$B$2:$C$34,2,FALSE) -> 12 | J735: =IF(M735="Nilai Akhir",F735,0) -> 85 | K735: =IF(M735="Nilai Ekstra",F735,"") | L735: =VLOOKUP(I735,'3'!$H$2:$L$25,5,FALSE) -> 33 | M735: =IF(G735="Pramuka","Nilai Ekstra","Nilai Akhir") -> Nilai Akhir | N735: 1
A736: 265 | E736: X TJKT 1 | F736: 84 | G736: Bahasa Indonesia | I736: =VLOOKUP(G736,'2'!$B$2:$C$34,2,FALSE) -> 12 | J736: =IF(M736="Nilai Akhir",F736,0) -> 84 | K736: =IF(M736="Nilai Ekstra",F736,"") | L736: =VLOOKUP(I736,'3'!$H$2:$L$25,5,FALSE) -> 33 | M736: =IF(G736="Pramuka","Nilai Ekstra","Nilai Akhir") -> Nilai Akhir
A737: 266 | E737: X TJKT 1 | F737: 83 | G737: Bahasa Indonesia | I737: =VLOOKUP(G737,'2'!$B$2:$C$34,2,FALSE) -> 12 | J737: =IF(M737="Nilai Akhir",F737,0) -> 83 | K737: =IF(M737="Nilai Ekstra",F737,"") | L737: =VLOOKUP(I737,'3'!$H$2:$L$25,5,FALSE) -> 33 | M737: =IF(G737="Pramuka","Nilai Ekstra","Nilai Akhir") -> Nilai Akhir
A738: 267 | E738: X TJKT 1 | F738: 82 | G738: Bahasa Indonesia | I738: =VLOOKUP(G738,'2'!$B$2:$C$34,2,FALSE) -> 12 | J738: =IF(M738="Nilai Akhir",F738,0) -> 82 | K738: =IF(M738="Nilai Ekstra",F738,"") | L738: =VLOOKUP(I738,'3'!$H$2:$L$25,5,FALSE) -> 33 | M738: =IF(G738="Pramuka","Nilai Ekstra","Nilai Akhir") -> Nilai Akhir
A739: 268 | E739: X TJKT 1 | F739: 84 | G739: Bahasa Indonesia | I739: =VLOOKUP(G739,'2'!$B$2:$C$34,2,FALSE) -> 12 | J739: =IF(M739="Nilai Akhir",F739,0) -> 84 | K739: =IF(M739="Nilai Ekstra",F739,"") | L739: =VLOOKUP(I739,'3'!$H$2:$L$25,5,FALSE) -> 33 | M739: =IF(G739="Pramuka","Nilai Ekstra","Nilai Akhir") -> Nilai Akhir
A740: 269 | E740: X TJKT 1 | F740: 85 | G740: Bahasa Indonesia | I740: =VLOOKUP(G740,'2'!$B$2:$C$34,2,FALSE) -> 12 | J740: =IF(M740="Nilai Akhir",F740,0) -> 85 | K740: =IF(M740="Nilai Ekstra",F740,"") | L740: =VLOOKUP(I740,'3'!$H$2:$L$25,5,FALSE) -> 33 | M740: =IF(G740="Pramuka","Nilai Ekstra","Nilai Akhir") -> Nilai Akhir
A741: 270 | E741: X TJKT 1 | F741: 83 | G741: Bahasa Indonesia | I741: =VLOOKUP(G741,'2'!$B$2:$C$34,2,FALSE) -> 12 | J741: =IF(M741="Nilai Akhir",F741,0) -> 83 | K741: =IF(M741="Nilai Ekstra",F741,"") | L741: =VLOOKUP(I741,'3'!$H$2:$L$25,5,FALSE) -> 33 | M741: =IF(G741="Pramuka","Nilai Ekstra","Nilai Akhir") -> Nilai Akhir
A742: 271 | E742: X TJKT 1 | F742: 84 | G742: Bahasa Indonesia | I742: =VLOOKUP(G742,'2'!$B$2:$C$34,2,FALSE) -> 12 | J742: =IF(M742="Nilai Akhir",F742,0) -> 84 | K742: =IF(M742="Nilai Ekstra",F742,"") | L742: =VLOOKUP(I742,'3'!$H$2:$L$25,5,FALSE) -> 33 | M742: =IF(G742="Pramuka","Nilai Ekstra","Nilai Akhir") -> Nilai Akhir
A743: 272 | E743: X TJKT 1 | F743: 83 | G743: Bahasa Indonesia | I743: =VLOOKUP(G743,'2'!$B$2:$C$34,2,FALSE) -> 12 | J743: =IF(M743="Nilai Akhir",F743,0) -> 83 | K743: =IF(M743="Nilai Ekstra",F743,"") | L743: =VLOOKUP(I743,'3'!$H$2:$L$25,5,FALSE) -> 33 | M743: =IF(G743="Pramuka","Nilai Ekstra","Nilai Akhir") -> Nilai Akhir
A744: 273 | E744: X TJKT 1 | F744: 84 | G744: Bahasa Indonesia | I744: =VLOOKUP(G744,'2'!$B$2:$C$34,2,FALSE) -> 12 | J744: =IF(M744="Nilai Akhir",F744,0) -> 84 | K744: =IF(M744="Nilai Ekstra",F744,"") | L744: =VLOOKUP(I744,'3'!$H$2:$L$25,5,FALSE) -> 33 | M744: =IF(G744="Pramuka","Nilai Ekstra","Nilai Akhir") -> Nilai Akhir
A745: 274 | E745: X TJKT 1 | F745: 82 | G745: Bahasa Indonesia | I745: =VLOOKUP(G745,'2'!$B$2:$C$34,2,FALSE) -> 12 | J745: =IF(M745="Nilai Akhir",F745,0) -> 82 | K745: =IF(M745="Nilai Ekstra",F745,"") | L745: =VLOOKUP(I745,'3'!$H$2:$L$25,5,FALSE) -> 33 | M745: =IF(G745="Pramuka","Nilai Ekstra","Nilai Akhir") -> Nilai Akhir
A746: 275 | E746: X TJKT 1 | F746: 83 | G746: Bahasa Indonesia | I746: =VLOOKUP(G746,'2'!$B$2:$C$34,2,FALSE) -> 12 | J746: =IF(M746="Nilai Akhir",F746,0) -> 83 | K746: =IF(M746="Nilai Ekstra",F746,"") | L746: =VLOOKUP(I746,'3'!$H$2:$L$25,5,FALSE) -> 33 | M746: =IF(G746="Pramuka","Nilai Ekstra","Nilai Akhir") -> Nilai Akhir
A747: 276 | E747: X TJKT 1 | F747: 78 | G747: Bahasa Indonesia | I747: =VLOOKUP(G747,'2'!$B$2:$C$34,2,FALSE) -> 12 | J747: =IF(M747="Nilai Akhir",F747,0) -> 78 | K747: =IF(M747="Nilai Ekstra",F747,"") | L747: =VLOOKUP(I747,'3'!$H$2:$L$25,5,FALSE) -> 33 | M747: =IF(G747="Pramuka","Nilai Ekstra","Nilai Akhir") -> Nilai Akhir
... A1100: 629 | E1100: X TSM 3 | F1100: 78 | G1100: Bahasa Indonesia | I1100: =VLOOKUP(G1100,'2'!$B$2:$C$34,2,FALSE) -> 12 | J1100: =IF(M1100="Nilai Akhir",F1100,0) -> 78 | K1100: =IF(M1100="Nilai Ekstra",F1100,"") | L1100: =VLOOKUP(I1100,'3'!$H$2:$L$25,5,FALSE) -> 33 | M1100: =IF(G1100="Pramuka","Nilai Ekstra","Nilai Akhir") -> Nilai Akhir
A1101: 264 | E1101: X TJKT 1 | F1101: 85.222222 | G1101: Muatan Lokal Bahasa Daerah | I1101: =VLOOKUP(G1101,'2'!$B$2:$C$34,2,FALSE) -> 11 | J1101: =IF(M1101="Nilai Akhir",F1101,0) -> 85.222222 | K1101: =IF(M1101="Nilai Ekstra",F1101,"") | L1101: =VLOOKUP(I1101,'3'!$H$2:$L$25,5,FALSE) -> 46 | M1101: =IF(G1101="Pramuka","Nilai Ekstra","Nilai Akhir") -> Nilai Akhir | N1101: 1
A1102: 265 | E1102: X TJKT 1 | F1102: 84.222222 | G1102: Muatan Lokal Bahasa Daerah | I1102: =VLOOKUP(G1102,'2'!$B$2:$C$34,2,FALSE) -> 11 | J1102: =IF(M1102="Nilai Akhir",F1102,0) -> 84.222222 | K1102: =IF(M1102="Nilai Ekstra",F1102,"") | L1102: =VLOOKUP(I1102,'3'!$H$2:$L$25,5,FALSE) -> 46 | M1102: =IF(G1102="Pramuka","Nilai Ekstra","Nilai Akhir") -> Nilai Akhir
A1103: 266 | E1103: X TJKT 1 | F1103: 83.333333 | G1103: Muatan Lokal Bahasa Daerah | I1103: =VLOOKUP(G1103,'2'!$B$2:$C$34,2,FALSE) -> 11 | J1103: =IF(M1103="Nilai Akhir",F1103,0) -> 83.333333 | K1103: =IF(M1103="Nilai Ekstra",F1103,"") | L1103: =VLOOKUP(I1103,'3'!$H$2:$L$25,5,FALSE) -> 46 | M1103: =IF(G1103="Pramuka","Nilai Ekstra","Nilai Akhir") -> Nilai Akhir
A1104: 267 | E1104: X TJKT 1 | F1104: 85.222222 | G1104: Muatan Lokal Bahasa Daerah | I1104: =VLOOKUP(G1104,'2'!$B$2:$C$34,2,FALSE) -> 11 | J1104: =IF(M1104="Nilai Akhir",F1104,0) -> 85.222222 | K1104: =IF(M1104="Nilai Ekstra",F1104,"") | L1104: =VLOOKUP(I1104,'3'!$H$2:$L$25,5,FALSE) -> 46 | M1104: =IF(G1104="Pramuka","Nilai Ekstra","Nilai Akhir") -> Nilai Akhir
A1105: 268 | E1105: X TJKT 1 | F1105: 85.888889 | G1105: Muatan Lokal Bahasa Daerah | I1105: =VLOOKUP(G1105,'2'!$B$2:$C$34,2,FALSE) -> 11 | J1105: =IF(M1105="Nilai Akhir",F1105,0) -> 85.888889 | K1105: =IF(M1105="Nilai Ekstra",F1105,"") | L1105: =VLOOKUP(I1105,'3'!$H$2:$L$25,5,FALSE) -> 46 | M1105: =IF(G1105="Pramuka","Nilai Ekstra","Nilai Akhir") -> Nilai Akhir
A1106: 269 | E1106: X TJKT 1 | F1106: 84.888889 | G1106: Muatan Lokal Bahasa Daerah | I1106: =VLOOKUP(G1106,'2'!$B$2:$C$34,2,FALSE) -> 11 | J1106: =IF(M1106="Nilai Akhir",F1106,0) -> 84.888889 | K1106: =IF(M1106="Nilai Ekstra",F1106,"") | L1106: =VLOOKUP(I1106,'3'!$H$2:$L$25,5,FALSE) -> 46 | M1106: =IF(G1106="Pramuka","Nilai Ekstra","Nilai Akhir") -> Nilai Akhir
A1107: 270 | E1107: X TJKT 1 | F1107: 83.111111 | G1107: Muatan Lokal Bahasa Daerah | I1107: =VLOOKUP(G1107,'2'!$B$2:$C$34,2,FALSE) -> 11 | J1107: =IF(M1107="Nilai Akhir",F1107,0) -> 83.111111 | K1107: =IF(M1107="Nilai Ekstra",F1107,"") | L1107: =VLOOKUP(I1107,'3'!$H$2:$L$25,5,FALSE) -> 46 | M1107: =IF(G1107="Pramuka","Nilai Ekstra","Nilai Akhir") -> Nilai Akhir
A1108: 271 | E1108: X TJKT 1 | F1108: 84 | G1108: Muatan Lokal Bahasa Daerah | I1108: =VLOOKUP(G1108,'2'!$B$2:$C$34,2,FALSE) -> 11 | J1108: =IF(M1108="Nilai Akhir",F1108,0) -> 84 | K1108: =IF(M1108="Nilai Ekstra",F1108,"") | L1108: =VLOOKUP(I1108,'3'!$H$2:$L$25,5,FALSE) -> 46 | M1108: =IF(G1108="Pramuka","Nilai Ekstra","Nilai Akhir") -> Nilai Akhir
A1109: 272 | E1109: X TJKT 1 | F1109: 85.222222 | G1109: Muatan Lokal Bahasa Daerah | I1109: =VLOOKUP(G1109,'2'!$B$2:$C$34,2,FALSE) -> 11 | J1109: =IF(M1109="Nilai Akhir",F1109,0) -> 85.222222 | K1109: =IF(M1109="Nilai Ekstra",F1109,"") | L1109: =VLOOKUP(I1109,'3'!$H$2:$L$25,5,FALSE) -> 46 | M1109: =IF(G1109="Pramuka","Nilai Ekstra","Nilai Akhir") -> Nilai Akhir
A1110: 273 | E1110: X TJKT 1 | F1110: 84.333333 | G1110: Muatan Lokal Bahasa Daerah | I1110: =VLOOKUP(G1110,'2'!$B$2:$C$34,2,FALSE) -> 11 | J1110: =IF(M1110="Nilai Akhir",F1110,0) -> 84.333333 | K1110: =IF(M1110="Nilai Ekstra",F1110,"") | L1110: =VLOOKUP(I1110,'3'!$H$2:$L$25,5,FALSE) -> 46 | M1110: =IF(G1110="Pramuka","Nilai Ekstra","Nilai Akhir") -> Nilai Akhir
A1111: 274 | E1111: X TJKT 1 | F1111: 82.666667 | G1111: Muatan Lokal Bahasa Daerah | I1111: =VLOOKUP(G1111,'2'!$B$2:$C$34,2,FALSE) -> 11 | J1111: =IF(M1111="Nilai Akhir",F1111,0) -> 82.666667 | K1111: =IF(M1111="Nilai Ekstra",F1111,"") | L1111: =VLOOKUP(I1111,'3'!$H$2:$L$25,5,FALSE) -> 46 | M1111: =IF(G1111="Pramuka","Nilai Ekstra","Nilai Akhir") -> Nilai Akhir
A1112: 275 | E1112: X TJKT 1 | F1112: 84.222222 | G1112: Muatan Lokal Bahasa Daerah | I1112: =VLOOKUP(G1112,'2'!$B$2:$C$34,2,FALSE) -> 11 | J1112: =IF(M1112="Nilai Akhir",F1112,0) -> 84.222222 | K1112: =IF(M1112="Nilai Ekstra",F1112,"") | L1112: =VLOOKUP(I1112,'3'!$H$2:$L$25,5,FALSE) -> 46 | M1112: =IF(G1112="Pramuka","Nilai Ekstra","Nilai Akhir") -> Nilai Akhir
A1113: 276 | E1113: X TJKT 1 | F1113: 85.222222 | G1113: Muatan Lokal Bahasa Daerah | I1113: =VLOOKUP(G1113,'2'!$B$2:$C$34,2,FALSE) -> 11 | J1113: =IF(M1113="Nilai Akhir",F1113,0) -> 85.222222 | K1113: =IF(M1113="Nilai Ekstra",F1113,"") | L1113: =VLOOKUP(I1113,'3'!$H$2:$L$25,5,FALSE) -> 46 | M1113: =IF(G1113="Pramuka","Nilai Ekstra","Nilai Akhir") -> Nilai Akhir
... A1466: 629 | E1466: X TSM 3 | F1466: 84.333333 | G1466: Muatan Lokal Bahasa Daerah | I1466: =VLOOKUP(G1466,'2'!$B$2:$C$34,2,FALSE) -> 11 | J1466: =IF(M1466="Nilai Akhir",F1466,0) -> 84.333333 | K1466: =IF(M1466="Nilai Ekstra",F1466,"") | L1466: =VLOOKUP(I1466,'3'!$H$2:$L$25,5,FALSE) -> 46 | M1466: =IF(G1466="Pramuka","Nilai Ekstra","Nilai Akhir") -> Nilai Akhir
A1467: 264 | E1467: X TJKT 1 | F1467: 79.541667 | G1467: Bahasa Inggris | I1467: =VLOOKUP(G1467,'2'!$B$2:$C$34,2,FALSE) -> 14 | J1467: =IF(M1467="Nilai Akhir",F1467,0) -> 79.541667 | K1467: =IF(M1467="Nilai Ekstra",F1467,"") | L1467: =VLOOKUP(I1467,'3'!$H$2:$L$25,5,FALSE) -> 39 | M1467: =IF(G1467="Pramuka","Nilai Ekstra","Nilai Akhir") -> Nilai Akhir | N1467: 1
A1468: 265 | E1468: X TJKT 1 | F1468: 82.222222 | G1468: Bahasa Inggris | I1468: =VLOOKUP(G1468,'2'!$B$2:$C$34,2,FALSE) -> 14 | J1468: =IF(M1468="Nilai Akhir",F1468,0) -> 82.222222 | K1468: =IF(M1468="Nilai Ekstra",F1468,"") | L1468: =VLOOKUP(I1468,'3'!$H$2:$L$25,5,FALSE) -> 39 | M1468: =IF(G1468="Pramuka","Nilai Ekstra","Nilai Akhir") -> Nilai Akhir
A1469: 266 | E1469: X TJKT 1 | F1469: 81.652778 | G1469: Bahasa Inggris | I1469: =VLOOKUP(G1469,'2'!$B$2:$C$34,2,FALSE) -> 14 | J1469: =IF(M1469="Nilai Akhir",F1469,0) -> 81.652778 | K1469: =IF(M1469="Nilai Ekstra",F1469,"") | L1469: =VLOOKUP(I1469,'3'!$H$2:$L$25,5,FALSE) -> 39 | M1469: =IF(G1469="Pramuka","Nilai Ekstra","Nilai Akhir") -> Nilai Akhir
A1470: 267 | E1470: X TJKT 1 | F1470: 74.236111 | G1470: Bahasa Inggris | I1470: =VLOOKUP(G1470,'2'!$B$2:$C$34,2,FALSE) -> 14 | J1470: =IF(M1470="Nilai Akhir",F1470,0) -> 74.236111 | K1470: =IF(M1470="Nilai Ekstra",F1470,"") | L1470: =VLOOKUP(I1470,'3'!$H$2:$L$25,5,FALSE) -> 39 | M1470: =IF(G1470="Pramuka","Nilai Ekstra","Nilai Akhir") -> Nilai Akhir
A1471: 268 | E1471: X TJKT 1 | F1471: 74.625 | G1471: Bahasa Inggris | I1471: =VLOOKUP(G1471,'2'!$B$2:$C$34,2,FALSE) -> 14 | J1471: =IF(M1471="Nilai Akhir",F1471,0) -> 74.625 | K1471: =IF(M1471="Nilai Ekstra",F1471,"") | L1471: =VLOOKUP(I1471,'3'!$H$2:$L$25,5,FALSE) -> 39 | M1471: =IF(G1471="Pramuka","Nilai Ekstra","Nilai Akhir") -> Nilai Akhir
A1472: 269 | E1472: X TJKT 1 | F1472: 87.930556 | G1472: Bahasa Inggris | I1472: =VLOOKUP(G1472,'2'!$B$2:$C$34,2,FALSE) -> 14 | J1472: =IF(M1472="Nilai Akhir",F1472,0) -> 87.930556 | K1472: =IF(M1472="Nilai Ekstra",F1472,"") | L1472: =VLOOKUP(I1472,'3'!$H$2:$L$25,5,FALSE) -> 39 | M1472: =IF(G1472="Pramuka","Nilai Ekstra","Nilai Akhir") -> Nilai Akhir
A1473: 270 | E1473: X TJKT 1 | F1473: 80.125 | G1473: Bahasa Inggris | I1473: =VLOOKUP(G1473,'2'!$B$2:$C$34,2,FALSE) -> 14 | J1473: =IF(M1473="Nilai Akhir",F1473,0) -> 80.125 | K1473: =IF(M1473="Nilai Ekstra",F1473,"") | L1473: =VLOOKUP(I1473,'3'!$H$2:$L$25,5,FALSE) -> 39 | M1473: =IF(G1473="Pramuka","Nilai Ekstra","Nilai Akhir") -> Nilai Akhir
A1474: 271 | E1474: X TJKT 1 | F1474: 79.541667 | G1474: Bahasa Inggris | I1474: =VLOOKUP(G1474,'2'!$B$2:$C$34,2,FALSE) -> 14 | J1474: =IF(M1474="Nilai Akhir",F1474,0) -> 79.541667 | K1474: =IF(M1474="Nilai Ekstra",F1474,"") | L1474: =VLOOKUP(I1474,'3'!$H$2:$L$25,5,FALSE) -> 39 | M1474: =IF(G1474="Pramuka","Nilai Ekstra","Nilai Akhir") -> Nilai Akhir
A1475: 272 | E1475: X TJKT 1 | F1475: 80.069444 | G1475: Bahasa Inggris | I1475: =VLOOKUP(G1475,'2'!$B$2:$C$34,2,FALSE) -> 14 | J1475: =IF(M1475="Nilai Akhir",F1475,0) -> 80.069444 | K1475: =IF(M1475="Nilai Ekstra",F1475,"") | L1475: =VLOOKUP(I1475,'3'!$H$2:$L$25,5,FALSE) -> 39 | M1475: =IF(G1475="Pramuka","Nilai Ekstra","Nilai Akhir") -> Nilai Akhir
A1476: 273 | E1476: X TJKT 1 | F1476: 72.902778 | G1476: Bahasa Inggris | I1476: =VLOOKUP(G1476,'2'!$B$2:$C$34,2,FALSE) -> 14 | J1476: =IF(M1476="Nilai Akhir",F1476,0) -> 72.902778 | K1476: =IF(M1476="Nilai Ekstra",F1476,"") | L1476: =VLOOKUP(I1476,'3'!$H$2:$L$25,5,FALSE) -> 39 | M1476: =IF(G1476="Pramuka","Nilai Ekstra","Nilai Akhir") -> Nilai Akhir
A1477: 274 | E1477: X TJKT 1 | F1477: 74.513889 | G1477: Bahasa Inggris | I1477: =VLOOKUP(G1477,'2'!$B$2:$C$34,2,FALSE) -> 14 | J1477: =IF(M1477="Nilai Akhir",F1477,0) -> 74.513889 | K1477: =IF(M1477="Nilai Ekstra",F1477,"") | L1477: =VLOOKUP(I1477,'3'!$H$2:$L$25,5,FALSE) -> 39 | M1477: =IF(G1477="Pramuka","Nilai Ekstra","Nilai Akhir") -> Nilai Akhir
A1478: 275 | E1478: X TJKT 1 | F1478: 80.152778 | G1478: Bahasa Inggris | I1478: =VLOOKUP(G1478,'2'!$B$2:$C$34,2,FALSE) -> 14 | J1478: =IF(M1478="Nilai Akhir",F1478,0) -> 80.152778 | K1478: =IF(M1478="Nilai Ekstra",F1478,"") | L1478: =VLOOKUP(I1478,'3'!$H$2:$L$25,5,FALSE) -> 39 | M1478: =IF(G1478="Pramuka","Nilai Ekstra","Nilai Akhir") -> Nilai Akhir
A1479: 276 | E1479: X TJKT 1 | F1479: 73.5 | G1479: Bahasa Inggris | I1479: =VLOOKUP(G1479,'2'!$B$2:$C$34,2,FALSE) -> 14 | J1479: =IF(M1479="Nilai Akhir",F1479,0) -> 73.5 | K1479: =IF(M1479="Nilai Ekstra",F1479,"") | L1479: =VLOOKUP(I1479,'3'!$H$2:$L$25,5,FALSE) -> 39 | M1479: =IF(G1479="Pramuka","Nilai Ekstra","Nilai Akhir") -> Nilai Akhir
... A1832: 629 | E1832: X TSM 3 | F1832: 74 | G1832: Bahasa Inggris | I1832: =VLOOKUP(G1832,'2'!$B$2:$C$34,2,FALSE) -> 14 | J1832: =IF(M1832="Nilai Akhir",F1832,0) -> 74 | K1832: =IF(M1832="Nilai Ekstra",F1832,"") | L1832: =VLOOKUP(I1832,'3'!$H$2:$L$25,5,FALSE) -> 39 | M1832: =IF(G1832="Pramuka","Nilai Ekstra","Nilai Akhir") -> Nilai Akhir
A1833: 264 | F1833: 82 | G1833: Matematika (Umum) | I1833: =VLOOKUP(G1833,'2'!$B$2:$C$34,2,FALSE) -> 13 | J1833: =IF(M1833="Nilai Akhir",F1833,0) -> 82 | K1833: =IF(M1833="Nilai Ekstra",F1833,"") | L1833: =VLOOKUP(I1833,'3'!$H$2:$L$25,5,FALSE) -> 38 | M1833: =IF(G1833="Pramuka","Nilai Ekstra","Nilai Akhir") -> Nilai Akhir | N1833: 1
A1834: 265 | F1834: 79 | G1834: Matematika (Umum) | I1834: =VLOOKUP(G1834,'2'!$B$2:$C$34,2,FALSE) -> 13 | J1834: =IF(M1834="Nilai Akhir",F1834,0) -> 79 | K1834: =IF(M1834="Nilai Ekstra",F1834,"") | L1834: =VLOOKUP(I1834,'3'!$H$2:$L$25,5,FALSE) -> 38 | M1834: =IF(G1834="Pramuka","Nilai Ekstra","Nilai Akhir") -> Nilai Akhir
A1835: 266 | F1835: 80 | G1835: Matematika (Umum) | I1835: =VLOOKUP(G1835,'2'!$B$2:$C$34,2,FALSE) -> 13 | J1835: =IF(M1835="Nilai Akhir",F1835,0) -> 80 | K1835: =IF(M1835="Nilai Ekstra",F1835,"") | L1835: =VLOOKUP(I1835,'3'!$H$2:$L$25,5,FALSE) -> 38 | M1835: =IF(G1835="Pramuka","Nilai Ekstra","Nilai Akhir") -> Nilai Akhir
A1836: 267 | F1836: 75 | G1836: Matematika (Umum) | I1836: =VLOOKUP(G1836,'2'!$B$2:$C$34,2,FALSE) -> 13 | J1836: =IF(M1836="Nilai Akhir",F1836,0) -> 75 | K1836: =IF(M1836="Nilai Ekstra",F1836,"") | L1836: =VLOOKUP(I1836,'3'!$H$2:$L$25,5,FALSE) -> 38 | M1836: =IF(G1836="Pramuka","Nilai Ekstra","Nilai Akhir") -> Nilai Akhir
A1837: 268 | F1837: 76 | G1837: Matematika (Umum) | I1837: =VLOOKUP(G1837,'2'!$B$2:$C$34,2,FALSE) -> 13 | J1837: =IF(M1837="Nilai Akhir",F1837,0) -> 76 | K1837: =IF(M1837="Nilai Ekstra",F1837,"") | L1837: =VLOOKUP(I1837,'3'!$H$2:$L$25,5,FALSE) -> 38 | M1837: =IF(G1837="Pramuka","Nilai Ekstra","Nilai Akhir") -> Nilai Akhir
A1838: 269 | F1838: 87 | G1838: Matematika (Umum) | I1838: =VLOOKUP(G1838,'2'!$B$2:$C$34,2,FALSE) -> 13 | J1838: =IF(M1838="Nilai Akhir",F1838,0) -> 87 | K1838: =IF(M1838="Nilai Ekstra",F1838,"") | L1838: =VLOOKUP(I1838,'3'!$H$2:$L$25,5,FALSE) -> 38 | M1838: =IF(G1838="Pramuka","Nilai Ekstra","Nilai Akhir") -> Nilai Akhir
A1839: 270 | F1839: 77 | G1839: Matematika (Umum) | I1839: =VLOOKUP(G1839,'2'!$B$2:$C$34,2,FALSE) -> 13 | J1839: =IF(M1839="Nilai Akhir",F1839,0) -> 77 | K1839: =IF(M1839="Nilai Ekstra",F1839,"") | L1839: =VLOOKUP(I1839,'3'!$H$2:$L$25,5,FALSE) -> 38 | M1839: =IF(G1839="Pramuka","Nilai Ekstra","Nilai Akhir") -> Nilai Akhir
A1840: 271 | F1840: 81 | G1840: Matematika (Umum) | I1840: =VLOOKUP(G1840,'2'!$B$2:$C$34,2,FALSE) -> 13 | J1840: =IF(M1840="Nilai Akhir",F1840,0) -> 81 | K1840: =IF(M1840="Nilai Ekstra",F1840,"") | L1840: =VLOOKUP(I1840,'3'!$H$2:$L$25,5,FALSE) -> 38 | M1840: =IF(G1840="Pramuka","Nilai Ekstra","Nilai Akhir") -> Nilai Akhir
A1841: 272 | F1841: 78 | G1841: Matematika (Umum) | I1841: =VLOOKUP(G1841,'2'!$B$2:$C$34,2,FALSE) -> 13 | J1841: =IF(M1841="Nilai Akhir",F1841,0) -> 78 | K1841: =IF(M1841="Nilai Ekstra",F1841,"") | L1841: =VLOOKUP(I1841,'3'!$H$2:$L$25,5,FALSE) -> 38 | M1841: =IF(G1841="Pramuka","Nilai Ekstra","Nilai Akhir") -> Nilai Akhir
A1842: 273 | F1842: 76 | G1842: Matematika (Umum) | I1842: =VLOOKUP(G1842,'2'!$B$2:$C$34,2,FALSE) -> 13 | J1842: =IF(M1842="Nilai Akhir",F1842,0) -> 76 | K1842: =IF(M1842="Nilai Ekstra",F1842,"") | L1842: =VLOOKUP(I1842,'3'!$H$2:$L$25,5,FALSE) -> 38 | M1842: =IF(G1842="Pramuka","Nilai Ekstra","Nilai Akhir") -> Nilai Akhir
A1843: 274 | F1843: 79 | G1843: Matematika (Umum) | I1843: =VLOOKUP(G1843,'2'!$B$2:$C$34,2,FALSE) -> 13 | J1843: =IF(M1843="Nilai Akhir",F1843,0) -> 79 | K1843: =IF(M1843="Nilai Ekstra",F1843,"") | L1843: =VLOOKUP(I1843,'3'!$H$2:$L$25,5,FALSE) -> 38 | M1843: =IF(G1843="Pramuka","Nilai Ekstra","Nilai Akhir") -> Nilai Akhir
A1844: 275 | F1844: 77 | G1844: Matematika (Umum) | I1844: =VLOOKUP(G1844,'2'!$B$2:$C$34,2,FALSE) -> 13 | J1844: =IF(M1844="Nilai Akhir",F1844,0) -> 77 | K1844: =IF(M1844="Nilai Ekstra",F1844,"") | L1844: =VLOOKUP(I1844,'3'!$H$2:$L$25,5,FALSE) -> 38 | M1844: =IF(G1844="Pramuka","Nilai Ekstra","Nilai Akhir") -> Nilai Akhir
A1845: 276 | F1845: 77 | G1845: Matematika (Umum) | I1845: =VLOOKUP(G1845,'2'!$B$2:$C$34,2,FALSE) -> 13 | J1845: =IF(M1845="Nilai Akhir",F1845,0) -> 77 | K1845: =IF(M1845="Nilai Ekstra",F1845,"") | L1845: =VLOOKUP(I1845,'3'!$H$2:$L$25,5,FALSE) -> 38 | M1845: =IF(G1845="Pramuka","Nilai Ekstra","Nilai Akhir") -> Nilai Akhir
...

Sheet kelas 11
A1: kelas | B1: 11 | U1: 13843 | V1: Rido Lamindo | W1: XI TJKT 2 | X1: Pendidikan Agama Kristen dan Budi Pekerti
U2: 13660 | V2: Stepanus Iskak Baskara Dahuru Aji | W2: XI TOI 2 | X2: Pendidikan Agama Katholik dan Budi Pekerti
A3: nis | B3: nama | C3: kelas | D3: mapel | L3: history_id | M3: subject_id | N3: numeric_grade | O3: letter_grade | P3: grade_type | Q3: achievement_id | U3: 13757 | V3: Noval Moses Mairi | W3: XI TP 3 | X3: Pendidikan Agama Kristen dan Budi Pekerti
A4: ='[2]NILAI AKHIR'!B9 -> 13805 | B4: ='[2]NILAI AKHIR'!C9 -> Abi Manyu | C4: ='[2]NILAI AKHIR'!D9 -> XI TJKT 1 | D4: ='[2]NILAI AKHIR'!E9 -> 0 | E4: ='[2]NILAI AKHIR'!E7 -> 0 | F4: Pendidikan Agama Islam dan Budi Pekerti | L4: =VLOOKUP(A4,'5'!$AB$3:$AE$313,4,FALSE) -> 632 | M4: =VLOOKUP(F4,'2'!$B$2:$C$34,2,FALSE) -> 1 | N4: =D4 -> 0 | O4: =IF(P4="Nilai Ekstra",E4,"") | P4: Nilai Akhir | Q4: =VLOOKUP(M4,'3'!$H$27:$L$48,5,FALSE) -> 50 | R4: 1 | S4: =IF(D4=0,"PKL","aktif") -> PKL | U4: 13764 | V4: Praska Bethan Handoko | W4: XI TP 3 | X4: Pendidikan Agama Kristen dan Budi Pekerti
A5: ='[2]NILAI AKHIR'!B10 -> 13806 | B5: ='[2]NILAI AKHIR'!C10 -> Affan Fahrozi | C5: ='[2]NILAI AKHIR'!D10 -> XI TJKT 1 | D5: ='[2]NILAI AKHIR'!E10 -> 0 | F5: =_xlfn.IFNA(VLOOKUP(A5,$U$1:$X$4,4,FALSE),$F$4) -> Pendidikan Agama Islam dan Budi Pekerti | L5: =VLOOKUP(A5,'5'!$AB$3:$AE$313,4,FALSE) -> 633 | M5: =VLOOKUP(F5,'2'!$B$2:$C$34,2,FALSE) -> 1 | N5: =D5 -> 0 | O5: =IF(P5="Nilai Ekstra",E5,"") | P5: Nilai Akhir | Q5: =VLOOKUP(M5,'3'!$H$27:$L$48,5,FALSE) -> 50 | S5: =IF(D5=0,"PKL","aktif") -> PKL
A6: ='[2]NILAI AKHIR'!B11 -> 13807 | B6: ='[2]NILAI AKHIR'!C11 -> Ajeng Viera Putri Ramadhani | C6: ='[2]NILAI AKHIR'!D11 -> XI TJKT 1 | D6: ='[2]NILAI AKHIR'!E11 -> 0 | F6: =_xlfn.IFNA(VLOOKUP(A6,$U$1:$X$4,4,FALSE),$F$4) -> Pendidikan Agama Islam dan Budi Pekerti | L6: =VLOOKUP(A6,'5'!$AB$3:$AE$313,4,FALSE) -> 634 | M6: =VLOOKUP(F6,'2'!$B$2:$C$34,2,FALSE) -> 1 | N6: =D6 -> 0 | O6: =IF(P6="Nilai Ekstra",E6,"") | P6: Nilai Akhir | Q6: =VLOOKUP(M6,'3'!$H$27:$L$48,5,FALSE) -> 50 | S6: =IF(D6=0,"PKL","aktif") -> PKL
A7: ='[2]NILAI AKHIR'!B12 -> 13808 | B7: ='[2]NILAI AKHIR'!C12 -> Aldo Muhammad Kurniawan | C7: ='[2]NILAI AKHIR'!D12 -> XI TJKT 1 | D7: ='[2]NILAI AKHIR'!E12 -> 0 | F7: =_xlfn.IFNA(VLOOKUP(A7,$U$1:$X$4,4,FALSE),$F$4) -> Pendidikan Agama Islam dan Budi Pekerti | L7: =VLOOKUP(A7,'5'!$AB$3:$AE$313,4,FALSE) -> 635 | M7: =VLOOKUP(F7,'2'!$B$2:$C$34,2,FALSE) -> 1 | N7: =D7 -> 0 | O7: =IF(P7="Nilai Ekstra",E7,"") | P7: Nilai Akhir | Q7: =VLOOKUP(M7,'3'!$H$27:$L$48,5,FALSE) -> 50 | S7: =IF(D7=0,"PKL","aktif") -> PKL
